
CREATE TABLE Agents (
    AgentID INT PRIMARY KEY,
    FirstName VARCHAR(50),
    LastName VARCHAR(50),
    Position VARCHAR(20),
    Email VARCHAR(100) UNIQUE,
    PhoneNumber VARCHAR(50) UNIQUE,
    AdminAccess TINYINT,
    HireDate DATETIME
);

CREATE TABLE Clients (
    ClientID INT PRIMARY KEY,
    FirstName VARCHAR(50),
    LastName VARCHAR(50),
    Email VARCHAR(100) UNIQUE,
    PhoneNumber VARCHAR(50) UNIQUE,
    Country VARCHAR(50),
    RegistrationDate DATETIME,
    IsActive TINYINT
);

CREATE TABLE Transactions (
    TransactionID INT PRIMARY KEY,
    TransactionCode VARCHAR(50) UNIQUE,
    ClientID INT,
    AgentID INT,
    TransactionDate DATETIME,
    Amount DECIMAL(10, 2),
    Currency VARCHAR(10),
    DestinationCountry VARCHAR(100),
    Fee DECIMAL(5, 2),
    TransactionStatus VARCHAR(20),
    StatusDate DATETIME,
    Category VARCHAR(20),
    IsFraudulent TINYINT,
    FOREIGN KEY (ClientID) REFERENCES Clients(ClientID),
    FOREIGN KEY (AgentID) REFERENCES Agents(AgentID)
);

INSERT INTO Agents (AgentID, FirstName, LastName, Position, Email, PhoneNumber, AdminAccess, HireDate) VALUES
(1, 'Mark', 'Mcdonald', 'Manager', 'arnoldcrystal@example.net', '5736226280', 0, '2021-12-13T06:38:42'),
(2, 'Cristian', 'Savage', 'Agent', 'ywatson@example.org', '(543)512-1624x62869', 1, '2024-04-25T06:03:54'),
(3, 'Kathleen', 'Roberts', 'Manager', 'natalieparker@example.com', '269.820.5187', 1, '2021-06-10T16:18:40'),
(4, 'Frederick', 'Sanchez', 'Agent', 'aliciatrujillo@example.com', '696.513.7302', 0, '2020-09-24T08:02:42'),
(5, 'Maria', 'Smith', 'Manager', 'hurleybarbara@example.org', '001-428-234-6005x291', 1, '2021-12-19T20:41:52'),
(6, 'Christopher', 'Vasquez', 'Manager', 'nleonard@example.org', '(208)391-7273', 0, '2020-12-28T07:04:15'),
(7, 'Terri', 'Garcia', 'Agent', 'kimjack@example.net', '845.716.5668x4392', 0, '2021-03-15T20:39:59'),
(8, 'Shannon', 'Warner', 'Agent', 'conwaymarcus@example.com', '561-554-8817', 1, '2022-06-23T02:03:47'),
(9, 'Michele', 'Ray', 'Manager', 'johnsonclayton@example.com', '+1-584-880-0801x5196', 0, '2024-03-22T11:43:15'),
(10, 'Billy', 'Erickson', 'Manager', 'pwilliams@example.org', '(609)523-3464', 0, '2020-02-02T22:54:48'),
(11, 'Sydney', 'Graham', 'Manager', 'hjones@example.com', '+1-843-270-9891x81324', 1, '2020-06-21T14:28:58'),
(12, 'Laura', 'Mills', 'Manager', 'brichardson@example.org', '+1-860-654-0516x76049', 0, '2023-02-25T17:59:35'),
(13, 'Darin', 'Brown', 'Agent', 'rodriguezmelissa@example.net', '001-382-844-1037x6894', 0, '2024-12-14T23:46:29'),
(14, 'Joan', 'Hall', 'Manager', 'jimenezrichard@example.com', '(315)470-4864x30506', 1, '2024-07-08T19:42:57'),
(15, 'Miguel', 'Smith', 'Manager', 'eric21@example.net', '(229)220-8840x809', 1, '2022-01-18T23:08:33'),
(16, 'Jonathan', 'Hooper', 'Agent', 'mfoster@example.net', '+1-217-876-4895x58166', 0, '2020-10-29T17:39:33'),
(17, 'Sheryl', 'Orozco', 'Agent', 'jessica27@example.org', '245.324.0962', 0, '2023-06-29T20:20:09'),
(18, 'Troy', 'Bernard', 'Agent', 'lisayork@example.org', '+1-754-208-3559x00167', 0, '2024-11-26T12:51:49'),
(19, 'Sarah', 'Young', 'Agent', 'jonathan23@example.net', '(254)621-4740x6533', 1, '2020-07-10T23:56:34'),
(20, 'Emily', 'Lozano', 'Manager', 'destiny54@example.net', '001-723-924-8058', 0, '2024-11-14T18:00:25'),
(21, 'Jon', 'Taylor', 'Manager', 'elizabeth99@example.com', '(262)309-8603x107', 1, '2022-09-29T08:04:02'),
(22, 'Stephanie', 'Powell', 'Agent', 'mark29@example.org', '(868)448-1119', 1, '2023-05-16T21:54:08'),
(23, 'Cindy', 'Gonzalez', 'Agent', 'qanderson@example.org', '397.915.3633', 1, '2022-07-31T17:07:31'),
(24, 'Jenna', 'Martinez', 'Manager', 'jessicascott@example.org', '001-984-754-1753x52092', 1, '2023-03-22T21:27:25'),
(25, 'Michael', 'Turner', 'Agent', 'rebecca48@example.org', '844-615-3297', 1, '2022-02-04T06:11:35');

INSERT INTO Clients (ClientID, FirstName, LastName, Email, PhoneNumber, Country, RegistrationDate, IsActive) VALUES
(1, 'Deborah', 'Hamilton', 'uvargas@example.net', '8809816760', 'Thailand', '2022-05-21T21:42:09', 0),
(2, 'Nicolas', 'Cunningham', 'michelle23@example.org', '(720)439-9051x6904', 'Algeria', '2023-11-05T11:41:18', 0),
(3, 'Rhonda', 'Warner', 'annalang@example.net', '378.506.0068x46852', 'Namibia', '2021-11-05T20:08:27', 0),
(4, 'Ana', 'Hernandez', 'agarrett@example.net', '+1-959-569-4357x5190', 'Egypt', '2021-11-23T23:07:23', 1),
(5, 'John', 'Byrd', 'hannahdean@example.net', '001-236-586-3704', 'Gambia', '2023-01-30T16:08:54', 0),
(6, 'Terry', 'Reed', 'adrianaliu@example.org', '+1-330-382-5476x81721', 'Saint Pierre and Miquelon', '2021-04-12T12:16:23', 1),
(7, 'Kyle', 'Smith', 'qpowell@example.org', '333-797-9530', 'Panama', '2023-03-16T00:46:54', 1),
(8, 'Gregory', 'Stephenson', 'thomasheather@example.net', '001-945-868-2052x4901', 'Lao People Democratic Republic', '2020-06-14T11:34:02', 0),
(9, 'Christian', 'Sanchez', 'ihall@example.net', '9305029179', 'South Georgia and the South Sandwich Islands', '2022-11-26T21:24:42', 0),
(10, 'Angela', 'Baker', 'ochapman@example.com', '304.926.7098', 'Timor-Leste', '2024-08-04T22:15:31', 0),
(11, 'Michael', 'Evans', 'lauren67@example.com', '+1-279-392-6344x347', 'Panama', '2022-06-22T08:17:30', 1),
(12, 'Matthew', 'Mason', 'walterslaura@example.com', '456.284.5702x9082', 'Paraguay', '2023-07-13T18:45:12', 1),
(13, 'Joe', 'Hanna', 'daniel78@example.com', '408-917-1918x5466', 'Pitcairn Islands', '2021-11-10T18:00:00', 1),
(14, 'Shannon', 'Lambert', 'millerroy@example.com', '595.266.5758', 'Lebanon', '2020-05-12T10:45:14', 1),
(15, 'James', 'Dunn', 'edwardsheather@example.com', '001-880-949-4172x5173', 'New Caledonia', '2024-05-15T05:59:03', 1),
(16, 'Troy', 'Vasquez', 'john30@example.org', '+1-354-488-6414x0935', 'Georgia', '2023-04-26T23:18:26', 1),
(17, 'Jason', 'Perry', 'mchambers@example.com', '(726)439-6942', 'New Zealand', '2024-02-15T14:41:19', 1),
(18, 'Cody', 'Frederick', 'vglover@example.net', '+1-318-357-4577x71028', 'Kuwait', '2021-03-28T10:30:00', 1),
(19, 'Michael', 'Houston', 'myerscarl@example.org', '(878)676-3544', 'Saint Pierre and Miquelon', '2023-06-20T19:09:25', 1),
(20, 'Timothy', 'Clark', 'andrew58@example.org', '446.564.3982x47261', 'Andorra', '2024-10-12T08:27:39', 1),
(21, 'Debbie', 'Smith', 'pharris@example.net', '001-809-326-1799x7676', 'French Guiana', '2021-08-11T16:38:49', 0),
(22, 'Gina', 'Rodriguez', 'greg89@example.net', '+1-408-577-8005x155', 'Chad', '2024-07-30T22:20:22', 1),
(23, 'Allison', 'Vargas', 'jennifer71@example.net', '750-292-0454', 'Guernsey', '2021-03-09T13:32:26', 0),
(24, 'Samuel', 'Walker', 'keithroberts@example.net', '837-864-0908', 'Equatorial Guinea', '2024-08-28T11:44:51', 0),
(25, 'Timothy', 'Lutz', 'john09@example.org', '688.880.1523', 'Pakistan', '2024-02-07T11:29:39', 1),
(26, 'Sophia', 'Ibarra', 'christopherjackson@example.org', '+1-699-875-5565x72457', 'Macao', '2022-05-27T15:37:59', 1),
(27, 'Joshua', 'Austin', 'onealaaron@example.org', '(723)686-7299x9426', 'Ethiopia', '2020-09-26T21:32:34', 0),
(28, 'Matthew', 'Knight', 'boydcrystal@example.net', '001-669-868-5143x905', 'Guyana', '2021-12-17T15:13:32', 1),
(29, 'Monica', 'Casey', 'omoore@example.com', '909.808.9807', 'Heard Island and McDonald Islands', '2022-06-28T14:40:17', 0),
(30, 'Natalie', 'Ballard', 'erinclark@example.org', '338.959.8309', 'Cameroon', '2023-12-03T13:24:33', 1),
(31, 'Terrence', 'Sherman', 'twilson@example.net', '545-526-6822x7161', 'Kuwait', '2024-06-17T23:18:35', 0),
(32, 'Brandon', 'Fox', 'sara50@example.com', '+1-832-555-3244x00060', 'Latvia', '2021-01-27T10:46:48', 1),
(33, 'Jennifer', 'Kaufman', 'veronica09@example.org', '001-575-282-8843x7263', 'Qatar', '2024-02-09T20:54:59', 0),
(34, 'Eric', 'Wallace', 'jamietaylor@example.com', '7358198309', 'Bermuda', '2020-05-19T18:14:09', 0),
(35, 'Ronald', 'Ortiz', 'sarah90@example.org', '655.688.7072', 'Uganda', '2020-07-25T05:29:04', 0),
(36, 'Emily', 'Roberts', 'tyler54@example.org', '001-364-435-7744x104', 'Timor-Leste', '2023-06-05T15:27:19', 1),
(37, 'Melissa', 'Bradley', 'jessicamartin@example.net', '4039559261', 'Saint Kitts and Nevis', '2024-08-18T21:23:57', 1),
(38, 'Rebecca', 'Baker', 'cliffordclark@example.org', '(450)903-8313', 'Belarus', '2020-11-02T22:52:52', 1),
(39, 'Eric', 'Jones', 'baileycody@example.org', '+1-944-507-3627x9272', 'Tunisia', '2023-11-03T00:02:07', 0),
(40, 'Dale', 'Lee', 'millertravis@example.net', '(567)820-7070', 'Qatar', '2023-10-03T12:47:39', 0),
(41, 'Sarah', 'Thompson', 'gilbertkelsey@example.org', '708-419-7550', 'Eritrea', '2021-07-27T18:51:24', 0),
(42, 'Aaron', 'Griffith', 'michael12@example.com', '(221)396-2127', 'Equatorial Guinea', '2022-06-24T10:57:34', 1),
(43, 'Valerie', 'Marshall', 'paulruiz@example.net', '+1-490-709-8305x9543', 'Latvia', '2024-01-28T23:32:19', 0),
(44, 'Lisa', 'Fernandez', 'nicholasmays@example.net', '5854325345', 'Uruguay', '2023-10-17T05:28:00', 0),
(45, 'Douglas', 'Wright', 'diamondramsey@example.com', '001-490-481-1311x376', 'Guam', '2020-05-18T14:44:39', 0),
(46, 'Kathleen', 'Delacruz', 'kristin01@example.com', '+1-372-512-6656x087', 'Mauritania', '2021-06-03T17:00:28', 1),
(47, 'Diana', 'Gutierrez', 'zwilliams@example.org', '001-546-717-5532x48628', 'Tunisia', '2023-11-13T14:01:13', 1),
(48, 'Briana', 'Valencia', 'anne39@example.net', '391.240.6880x5001', 'Kuwait', '2022-04-07T11:19:17', 0),
(49, 'Kristy', 'Arellano', 'cspears@example.org', '(207)293-6962x879', 'Albania', '2021-09-24T17:51:15', 0),
(50, 'John', 'Bentley', 'lallen@example.org', '001-698-980-4211', 'Madagascar', '2023-01-03T05:22:11', 0),
(51, 'David', 'Bowers', 'hannahnichols@example.org', '6805262551', 'United Arab Emirates', '2023-10-18T08:32:20', 1),
(52, 'Allen', 'Reyes', 'cookchris@example.net', '001-660-297-1008x990', 'Mozambique', '2022-12-17T21:03:01', 0),
(53, 'Victor', 'Day', 'wendy37@example.net', '449-335-1270', 'Ireland', '2023-08-24T10:23:20', 0),
(54, 'Desiree', 'Williams', 'johnwhitaker@example.org', '+1-619-385-1904', 'Croatia', '2021-07-11T23:36:37', 0),
(55, 'Nicole', 'Mitchell', 'tcarson@example.com', '786.902.0487x4120', 'Vanuatu', '2023-06-27T04:40:51', 1),
(56, 'April', 'Sanford', 'leeashley@example.net', '849-298-5247', 'Albania', '2023-08-18T20:21:40', 1),
(57, 'William', 'Sanchez', 'mullinsalexa@example.net', '252-657-8086', 'Norfolk Island', '2021-07-12T01:08:40', 1),
(58, 'Mary', 'Bennett', 'zpeters@example.org', '+1-777-882-9014x103', 'Ethiopia', '2023-09-28T02:41:57', 0),
(59, 'Thomas', 'Kelley', 'bflores@example.net', '6736063860', 'Spain', '2023-02-19T02:10:43', 0),
(60, 'Bryan', 'Salas', 'kimberlyreyes@example.org', '+1-202-385-4012x18765', 'Wallis and Futuna', '2022-02-24T20:47:50', 0),
(61, 'Crystal', 'Hampton', 'juliemoon@example.com', '(891)586-0401x8373', 'Latvia', '2022-08-06T10:32:55', 1),
(62, 'Michael', 'Jones', 'jacqueline45@example.net', '2368829365', 'Venezuela', '2020-02-23T23:15:05', 0),
(63, 'Wesley', 'Crawford', 'christopher59@example.org', '675-290-5576', 'Thailand', '2024-08-02T10:46:06', 1),
(64, 'Ryan', 'Thornton', 'chankelly@example.net', '333-269-7966', 'Venezuela', '2021-12-30T23:10:57', 1),
(65, 'Christy', 'Flowers', 'charlestom@example.com', '(865)242-2582', 'Colombia', '2024-12-06T05:34:41', 0),
(66, 'Juan', 'Lane', 'mckinneybrian@example.org', '492-331-3990x26235', 'Mauritania', '2023-08-30T20:50:29', 0),
(67, 'David', 'Rodriguez', 'nwilliams@example.org', '660.718.0721x388', 'Cameroon', '2020-06-07T22:26:35', 1),
(68, 'Kimberly', 'Jones', 'tylermichael@example.com', '379.231.5396', 'Reunion', '2021-09-11T08:26:05', 0),
(69, 'Linda', 'Mcdonald', 'john79@example.net', '4612730466', 'Uzbekistan', '2024-02-25T19:05:31', 0),
(70, 'Pamela', 'Wu', 'msherman@example.com', '227-781-5909x9224', 'Saint Vincent and the Grenadines', '2024-09-25T00:30:55', 0),
(71, 'William', 'Walker', 'kathleenkennedy@example.com', '+1-259-695-4453x134', 'Spain', '2022-11-08T03:45:00', 0),
(72, 'Dillon', 'Mitchell', 'greensteven@example.net', '+1-267-834-2312x2553', 'Qatar', '2022-01-17T14:52:22', 1),
(73, 'Jay', 'Bonilla', 'emilybrown@example.org', '(853)285-0716x413', 'Taiwan', '2024-05-28T00:59:20', 1),
(74, 'Matthew', 'Davis', 'odoyle@example.com', '881-843-8690', 'Eritrea', '2021-11-17T02:49:57', 1),
(75, 'Richard', 'Smith', 'clarkamanda@example.com', '001-404-305-7625x0070', 'Pitcairn Islands', '2021-03-10T16:33:26', 1),
(76, 'Christopher', 'Williams', 'uchambers@example.com', '001-340-747-3850x04524', 'Nauru', '2022-07-12T09:32:53', 0),
(77, 'Carol', 'Duarte', 'kennethwalls@example.net', '(905)667-5758x53227', 'Turks and Caicos Islands', '2024-10-20T08:24:32', 1),
(78, 'Jeremy', 'Washington', 'aliciaavery@example.net', '+1-864-201-5800', 'Comoros', '2023-07-15T16:28:20', 0),
(79, 'Jane', 'Stokes', 'david69@example.com', '233-250-3676x1871', 'Iraq', '2023-01-11T15:49:13', 1),
(80, 'Elizabeth', 'Mcdaniel', 'fishermadison@example.org', '+1-260-631-9192x66423', 'Monaco', '2021-08-29T12:09:30', 1),
(81, 'Jessica', 'Bennett', 'clairebaker@example.com', '001-936-581-9988x6239', 'Nauru', '2021-03-07T06:52:24', 0),
(82, 'Kevin', 'James', 'masseysarah@example.org', '483.338.9625', 'Syrian Arab Republic', '2024-07-01T08:45:07', 0),
(83, 'Rebecca', 'Tucker', 'uprice@example.net', '001-651-464-9060x4453', 'Western Sahara', '2024-09-02T19:45:35', 1),
(84, 'Jennifer', 'Knapp', 'cookcynthia@example.com', '+1-966-586-9382x22141', 'Indonesia', '2023-12-11T18:22:10', 1),
(85, 'Lindsay', 'Harris', 'qpoole@example.org', '406.824.4344', 'Ecuador', '2021-01-31T11:41:42', 1),
(86, 'Karen', 'Thornton', 'smithcassandra@example.org', '508-547-2507x41232', 'French Southern Territories', '2023-02-12T00:30:57', 0),
(87, 'Stephanie', 'Gentry', 'duartesara@example.net', '967.451.4659x9179', 'Egypt', '2020-10-24T03:53:17', 1),
(88, 'Teresa', 'Jones', 'erin38@example.com', '001-452-854-5572', 'New Caledonia', '2023-01-02T08:25:00', 1),
(89, 'Michael', 'Young', 'hkrueger@example.com', '(470)984-8368', 'Ukraine', '2022-06-13T16:14:40', 1),
(90, 'David', 'Mccoy', 'pattersonjames@example.org', '228.987.9173', 'Bouvet Island (Bouvetoya)', '2023-03-20T05:54:28', 1),
(91, 'Alicia', 'Clark', 'lauren99@example.org', '9827670926', 'Ecuador', '2020-12-24T19:35:47', 0),
(92, 'Michele', 'Castaneda', 'anitamata@example.com', '5616963132', 'Jersey', '2023-09-16T14:51:59', 0),
(93, 'Paul', 'Velez', 'rodriguezbrian@example.net', '001-746-985-0773x0648', 'Nauru', '2021-06-26T22:49:51', 1),
(94, 'Douglas', 'Lowe', 'reeselarry@example.com', '(620)466-4495x106', 'Mayotte', '2023-09-30T23:48:42', 0),
(95, 'Philip', 'Landry', 'zbrooks@example.net', '546.754.5060', 'Western Sahara', '2022-09-23T06:14:32', 1),
(96, 'Jason', 'Miller', 'christian34@example.net', '549.879.0590', 'Western Sahara', '2024-07-21T20:55:59', 0),
(97, 'William', 'Taylor', 'scott09@example.org', '605.497.7304x4772', 'Gabon', '2023-02-15T00:47:35', 1),
(98, 'Sherry', 'Gonzalez', 'stevengolden@example.net', '(809)692-3998x71429', 'Guatemala', '2023-06-29T23:14:30', 0),
(99, 'Sean', 'Roman', 'lsmith@example.com', '001-992-285-4352x2554', 'Morocco', '2021-08-10T13:42:35', 1),
(100, 'Maria', 'Morris', 'wbailey@example.org', '662.433.1892x565', 'Haiti', '2024-11-01T22:07:51', 1);

INSERT INTO Transactions (TransactionID, TransactionCode, ClientID, AgentID, TransactionDate, Amount, Currency, DestinationCountry, Fee, TransactionStatus, StatusDate, Category, IsFraudulent) VALUES
(1, 'TXN-1JBL1DAB', 30, 1, '2021-04-19T05:12:58', 6825.25, 'EUR', 'Austria', 45.86, 'Completed', '2021-11-28T10:21:12', 'Send', 0),
(2, 'TXN-CXA8ZSH4', 72, 24, '2021-04-10T07:17:25', 1503.31, 'GBP', 'Tunisia', 26.19, 'Failed', '2024-09-15T09:48:49', 'ME', 1),
(3, 'TXN-XRKTYF1N', 35, 14, '2021-07-15T15:33:06', 4889.2, 'GBP', 'Bouvet Island (Bouvetoya)', 9.27, 'Cancelled', '2020-04-26T18:31:47', 'ME', 1),
(4, 'TXN-XC1LEHNX', 40, 24, '2020-07-09T12:12:32', 6877.6, 'USD', 'Djibouti', 28.66, 'Failed', '2021-10-22T17:09:54', 'Receive', 1),
(5, 'TXN-FKGETQQF', 66, 21, '2024-03-25T09:04:12', 6217.46, 'GBP', 'South Georgia and the South Sandwich Islands', 44.57, 'Pending', '2020-03-01T23:56:31', 'ME', 0),
(6, 'TXN-5BAQZDO3', 12, 16, '2023-04-07T04:07:01', 2464.39, 'EUR', 'Anguilla', 10.2, 'Completed', '2021-12-29T06:46:17', 'ME', 1),
(7, 'TXN-2VBZ2UOQ', 28, 14, '2020-03-26T14:26:29', 9394.1, 'USD', 'Gibraltar', 21.06, 'Pending', '2024-03-16T21:30:04', 'Send', 0),
(8, 'TXN-2SAY8A7D', 66, 18, '2020-03-15T05:47:25', 1271.58, 'USD', 'Indonesia', 45.96, 'Pending', '2020-01-16T14:35:55', 'ME', 0),
(9, 'TXN-J88HERYF', 30, 18, '2022-12-27T20:35:19', 4000.02, 'GBP', 'Mongolia', 22.08, 'Completed', '2023-04-28T13:09:01', 'Send', 1),
(10, 'TXN-LI8DJB59', 82, 18, '2023-07-13T17:51:11', 1165.21, 'CAD', 'South Georgia and the South Sandwich Islands', 42.79, 'Cancelled', '2020-06-02T13:12:24', 'Receive', 1),
(11, 'TXN-XDCUKJKW', 12, 22, '2023-09-09T15:39:28', 6364.57, 'EUR', 'Malaysia', 15.48, 'Cancelled', '2023-07-22T17:22:16', 'Send', 1),
(12, 'TXN-ZIO97QU1', 100, 9, '2020-07-07T04:08:34', 240.78, 'AUD', 'Sweden', 3.12, 'Failed', '2022-07-10T09:10:04', 'Receive', 1),
(13, 'TXN-NYDSNM2B', 84, 8, '2023-03-25T21:50:09', 8538.17, 'EUR', 'Palestinian Territory', 46.33, 'Failed', '2021-06-04T03:38:08', 'ME', 0),
(14, 'TXN-E6OJ53F7', 44, 15, '2023-06-26T17:44:45', 5534.43, 'GBP', 'Tokelau', 12.61, 'Failed', '2024-03-22T10:58:45', 'ME', 1),
(15, 'TXN-C7RV396V', 92, 10, '2021-05-29T23:17:22', 551.82, 'CAD', 'Netherlands Antilles', 7.66, 'Cancelled', '2021-09-12T08:27:10', 'Receive', 0),
(16, 'TXN-I18QR0PN', 9, 10, '2021-09-02T06:16:15', 7687.62, 'AUD', 'Svalbard & Jan Mayen Islands', 28.05, 'Pending', '2022-12-06T16:48:11', 'ME', 0),
(17, 'TXN-T6PGZEW0', 69, 20, '2021-11-22T21:40:28', 5281.89, 'CAD', 'Svalbard & Jan Mayen Islands', 20.79, 'Completed', '2021-07-12T14:52:10', 'Receive', 1),
(18, 'TXN-L14Q6PPG', 100, 15, '2021-01-03T19:31:06', 6487.13, 'CAD', 'Botswana', 48.87, 'Pending', '2022-07-25T17:24:34', 'Send', 0),
(19, 'TXN-Q4QBBHSP', 77, 19, '2024-01-28T06:29:08', 1501.18, 'EUR', 'Tokelau', 12.18, 'Pending', '2024-09-14T04:37:03', 'Send', 0),
(20, 'TXN-WYZB788A', 19, 21, '2021-11-14T20:07:27', 2562.93, 'INR', 'Seychelles', 28.33, 'Failed', '2020-09-20T12:18:34', 'ME', 1),
(21, 'TXN-VBEVLZID', 73, 23, '2022-12-11T04:18:36', 2478.1, 'EUR', 'Belize', 41.3, 'Completed', '2020-10-25T09:39:33', 'Send', 0),
(22, 'TXN-9NVL6L0W', 44, 25, '2020-09-14T15:46:54', 8538.2, 'USD', 'Samoa', 39.32, 'Completed', '2020-12-13T06:10:13', 'Receive', 0),
(23, 'TXN-HCSZHNHR', 19, 6, '2021-11-17T05:54:20', 4823.65, 'CAD', 'Latvia', 26.65, 'Failed', '2021-04-10T14:58:52', 'Send', 0),
(24, 'TXN-WUZW6DD1', 37, 23, '2022-11-22T21:02:35', 1949.14, 'GBP', 'Netherlands Antilles', 41.97, 'Failed', '2020-10-22T01:59:25', 'ME', 1),
(25, 'TXN-M0FET0R4', 88, 4, '2020-09-15T00:01:05', 891.55, 'CAD', 'Anguilla', 27.98, 'Completed', '2022-12-13T15:47:05', 'ME', 0),
(26, 'TXN-89WJEREB', 64, 16, '2022-08-18T23:55:11', 4572.81, 'GBP', 'Puerto Rico', 40.52, 'Cancelled', '2021-07-02T15:55:07', 'Receive', 1),
(27, 'TXN-31T1H47I', 51, 14, '2020-01-25T06:41:25', 7384.16, 'AUD', 'Uruguay', 12.42, 'Cancelled', '2024-04-26T01:01:42', 'ME', 0),
(28, 'TXN-AZL66HZ0', 67, 10, '2021-09-20T14:39:00', 1253.11, 'INR', 'Poland', 13.56, 'Pending', '2020-08-16T03:23:03', 'Receive', 1),
(29, 'TXN-ORT5N3KJ', 11, 15, '2020-05-15T01:20:48', 9650.16, 'AUD', 'Vanuatu', 5.98, 'Completed', '2021-07-04T17:31:33', 'Send', 0),
(30, 'TXN-I9310JL8', 97, 17, '2024-01-13T09:45:35', 3948.37, 'GBP', 'Djibouti', 40.38, 'Cancelled', '2022-04-21T16:50:02', 'ME', 0),
(31, 'TXN-2B4OYVYV', 81, 17, '2020-09-30T17:20:44', 5615.88, 'EUR', 'Guernsey', 43.11, 'Cancelled', '2023-02-05T00:44:48', 'Send', 0),
(32, 'TXN-7T1035IA', 12, 10, '2020-04-05T06:13:11', 7856.52, 'CAD', 'Mauritius', 11.83, 'Cancelled', '2022-09-21T22:29:54', 'Send', 1),
(33, 'TXN-TKGBUMJE', 55, 21, '2023-11-16T14:32:41', 8977.14, 'USD', 'Niue', 37.16, 'Completed', '2022-02-24T22:49:21', 'ME', 0),
(34, 'TXN-O7KU9PYF', 1, 18, '2023-12-19T21:44:08', 4136.82, 'USD', 'American Samoa', 32.53, 'Failed', '2021-06-24T07:20:26', 'Receive', 1),
(35, 'TXN-HWLFVD20', 87, 3, '2023-02-23T03:44:48', 6248.84, 'INR', 'Cocos (Keeling) Islands', 37.56, 'Failed', '2021-02-07T12:29:18', 'Receive', 1),
(36, 'TXN-DA4E684Q', 49, 12, '2022-03-27T04:14:56', 9700.79, 'USD', 'Rwanda', 45.86, 'Cancelled', '2023-02-23T12:05:53', 'ME', 0),
(37, 'TXN-UMT9KD0H', 20, 13, '2023-01-22T05:47:18', 6833.78, 'USD', 'Western Sahara', 26.03, 'Pending', '2020-09-01T01:23:16', 'Send', 1),
(38, 'TXN-258I57EB', 46, 8, '2020-12-07T09:33:57', 5608.16, 'AUD', 'Kiribati', 42.1, 'Completed', '2024-12-25T21:13:56', 'Send', 0),
(39, 'TXN-S5JJQPK9', 31, 1, '2020-11-22T01:51:59', 8441.63, 'EUR', 'Cocos (Keeling) Islands', 27.41, 'Completed', '2023-07-02T05:00:45', 'ME', 1),
(40, 'TXN-EKA4Y4CR', 39, 21, '2021-04-09T19:47:07', 3307.66, 'GBP', 'Philippines', 19.97, 'Failed', '2022-09-24T02:13:16', 'Receive', 1),
(41, 'TXN-M61Y66RE', 74, 24, '2020-09-20T16:53:03', 1167.85, 'USD', 'Lithuania', 27.73, 'Failed', '2022-08-11T13:41:22', 'Receive', 1),
(42, 'TXN-GRHH89XY', 65, 4, '2021-08-19T09:10:03', 6667.96, 'AUD', 'Hong Kong', 28.08, 'Completed', '2021-02-09T04:04:37', 'Send', 1),
(43, 'TXN-SM63G93W', 6, 6, '2020-04-19T19:09:31', 475.39, 'INR', 'Russian Federation', 47.9, 'Cancelled', '2024-02-16T19:59:09', 'ME', 0),
(44, 'TXN-9P67HJVF', 94, 2, '2022-06-10T21:20:58', 8452.37, 'CAD', 'Denmark', 43.05, 'Pending', '2020-09-13T04:14:57', 'Send', 0),
(45, 'TXN-DB1LDSEQ', 25, 20, '2023-02-13T09:22:23', 1230.62, 'USD', 'Kyrgyz Republic', 20.58, 'Completed', '2020-07-09T08:52:00', 'ME', 0),
(46, 'TXN-T29VGVHX', 8, 2, '2020-02-05T01:13:29', 2248.53, 'EUR', 'Isle of Man', 23.69, 'Failed', '2024-05-30T19:18:57', 'ME', 1),
(47, 'TXN-VFNDHIYV', 44, 20, '2024-08-31T06:34:25', 858.62, 'CAD', 'Sao Tome and Principe', 13.02, 'Failed', '2023-04-19T03:48:17', 'Send', 1),
(48, 'TXN-UHCGQEM9', 47, 16, '2024-02-11T05:39:58', 4064.72, 'AUD', 'Jamaica', 6.94, 'Pending', '2022-12-03T01:30:37', 'Send', 0),
(49, 'TXN-OTMXJW5N', 41, 17, '2022-11-09T19:46:34', 46.33, 'INR', 'Moldova', 44.66, 'Pending', '2023-07-31T14:55:11', 'Receive', 0),
(50, 'TXN-HNVGVIT6', 96, 14, '2023-03-31T18:42:09', 6230.39, 'GBP', 'Belize', 48.79, 'Cancelled', '2022-06-28T22:42:50', 'Receive', 1),
(51, 'TXN-00ISY06Y', 83, 17, '2023-01-20T09:19:41', 567.97, 'AUD', 'Ivory Coast', 4.06, 'Pending', '2021-08-11T01:14:01', 'Receive', 1),
(52, 'TXN-QXZ45NJB', 11, 21, '2020-12-28T04:13:53', 2530.83, 'CAD', 'Saint Martin', 11.57, 'Failed', '2021-02-18T03:09:12', 'ME', 1),
(53, 'TXN-0TR4TQZ3', 5, 21, '2023-03-14T15:28:09', 99.61, 'INR', 'Eritrea', 1.26, 'Completed', '2023-05-06T16:08:20', 'ME', 0),
(54, 'TXN-3LQ6Q04S', 89, 24, '2023-09-02T01:15:21', 9265.67, 'INR', 'Colombia', 38.22, 'Completed', '2022-02-01T11:43:56', 'Receive', 0),
(55, 'TXN-VQRFL474', 55, 4, '2021-09-07T02:41:22', 3435.27, 'USD', 'Greenland', 37.86, 'Pending', '2021-05-07T10:48:54', 'Send', 1),
(56, 'TXN-R1TR65NJ', 9, 7, '2024-05-25T14:15:17', 3876.01, 'EUR', 'Germany', 13.17, 'Completed', '2021-08-14T19:20:31', 'Send', 1),
(57, 'TXN-K7Y1KQ9E', 44, 16, '2023-05-13T04:53:30', 4467.19, 'USD', 'Ireland', 41.28, 'Completed', '2020-09-15T03:11:12', 'Send', 1),
(58, 'TXN-O8CFX3N9', 60, 17, '2020-02-15T21:32:11', 5263.14, 'USD', 'Mongolia', 11.16, 'Failed', '2024-02-17T11:31:57', 'Receive', 1),
(59, 'TXN-STW1ZN8Q', 61, 16, '2023-01-11T10:33:19', 61.01, 'INR', 'Isle of Man', 33.75, 'Pending', '2022-03-20T17:11:28', 'ME', 1),
(60, 'TXN-KJ2SSVL9', 8, 15, '2022-11-28T16:16:12', 1788.69, 'CAD', 'Cape Verde', 23.57, 'Completed', '2020-06-20T07:54:46', 'Send', 0),
(61, 'TXN-5LEXNY6L', 87, 5, '2022-06-21T09:44:58', 1941.56, 'EUR', 'Turks and Caicos Islands', 27.87, 'Completed', '2022-01-28T02:10:21', 'Send', 1),
(62, 'TXN-ZHI1R5ER', 79, 23, '2021-01-04T01:56:05', 2954.17, 'INR', 'Marshall Islands', 4.48, 'Pending', '2020-04-20T14:19:53', 'ME', 1),
(63, 'TXN-JVLX6TA0', 23, 13, '2020-04-15T13:19:55', 7789.63, 'INR', 'Switzerland', 37.05, 'Pending', '2024-04-17T20:37:48', 'Send', 0),
(64, 'TXN-GMGTXVE7', 7, 18, '2023-08-26T17:26:53', 7746.16, 'CAD', 'Mexico', 22.84, 'Completed', '2024-05-09T12:09:54', 'Receive', 0),
(65, 'TXN-5E88G2FO', 85, 22, '2022-03-25T17:04:06', 5457.73, 'CAD', 'Puerto Rico', 37.52, 'Cancelled', '2022-07-06T21:30:30', 'ME', 1),
(66, 'TXN-5R9KLH62', 43, 14, '2021-01-30T13:36:35', 1438.47, 'EUR', 'Iran', 33.2, 'Completed', '2023-11-13T04:09:29', 'Send', 0),
(67, 'TXN-694ZE76F', 65, 10, '2023-06-17T15:31:23', 6343.15, 'CAD', 'Russian Federation', 16.54, 'Failed', '2023-06-06T14:56:04', 'ME', 1),
(68, 'TXN-AKB3B0Q8', 9, 18, '2023-06-24T02:31:12', 906.34, 'CAD', 'Iraq', 31.75, 'Completed', '2024-08-02T00:55:44', 'ME', 0),
(69, 'TXN-U4XXI9BB', 29, 18, '2020-01-19T09:09:24', 8701.66, 'GBP', 'Monaco', 48.79, 'Pending', '2022-02-13T07:48:30', 'ME', 0),
(70, 'TXN-M6RD5P2K', 9, 3, '2020-09-23T13:41:31', 4614.44, 'GBP', 'Korea', 16.71, 'Completed', '2021-03-11T18:17:32', 'Send', 0),
(71, 'TXN-WCIT7R8S', 43, 11, '2022-06-12T18:35:41', 8087.74, 'AUD', 'Western Sahara', 38.5, 'Pending', '2020-08-05T08:17:43', 'ME', 1),
(72, 'TXN-SM1LK10Y', 54, 7, '2022-08-28T03:00:29', 4124.1, 'AUD', 'Western Sahara', 39.91, 'Completed', '2024-08-28T19:35:20', 'Send', 1),
(73, 'TXN-PU62S8XE', 55, 2, '2021-02-26T00:18:13', 1459.98, 'GBP', 'Costa Rica', 25.31, 'Failed', '2022-05-31T08:56:00', 'ME', 1),
(74, 'TXN-IZ65GBVF', 25, 21, '2021-03-09T11:16:04', 2300.83, 'GBP', 'Paraguay', 48.19, 'Failed', '2023-11-05T02:01:44', 'Receive', 1),
(75, 'TXN-6H1CWZ1Z', 28, 11, '2024-07-16T10:52:11', 7940.19, 'INR', 'Palau', 13.73, 'Cancelled', '2021-10-29T04:32:03', 'Receive', 0),
(76, 'TXN-7XG72ULX', 10, 13, '2022-07-15T08:54:57', 8428.41, 'INR', 'Indonesia', 48.57, 'Cancelled', '2024-06-29T22:12:42', 'Receive', 0),
(77, 'TXN-5QEII0FK', 69, 17, '2022-11-22T13:58:59', 2846.13, 'GBP', 'Mali', 10.81, 'Completed', '2024-02-04T13:33:21', 'ME', 0),
(78, 'TXN-ZAGY1C1D', 11, 19, '2021-05-05T04:35:43', 4628.15, 'USD', 'Dominica', 21.28, 'Failed', '2021-07-07T09:47:59', 'ME', 1),
(79, 'TXN-NR10ORHM', 78, 6, '2024-03-20T06:50:23', 5344.48, 'EUR', 'El Salvador', 7.37, 'Failed', '2021-08-07T03:11:49', 'Send', 1),
(80, 'TXN-66YLK0JI', 89, 21, '2022-06-25T13:19:56', 8898.12, 'CAD', 'Bhutan', 29.15, 'Completed', '2022-04-28T02:30:10', 'Receive', 1),
(81, 'TXN-K29B6PKE', 54, 19, '2021-04-22T19:57:44', 6924.18, 'CAD', 'Tonga', 7.24, 'Cancelled', '2023-02-28T22:16:46', 'Receive', 1),
(82, 'TXN-4Z4DKVAV', 36, 5, '2023-05-16T10:23:27', 6324.7, 'AUD', 'French Guiana', 41.53, 'Completed', '2023-03-24T17:03:06', 'ME', 1),
(83, 'TXN-6RHT3XRP', 65, 11, '2021-10-15T08:42:57', 3945.12, 'GBP', 'Eritrea', 16.36, 'Completed', '2022-04-05T09:38:55', 'Send', 0),
(84, 'TXN-NXWRUGT2', 17, 9, '2020-08-29T08:08:08', 9598.99, 'GBP', 'Heard Island and McDonald Islands', 13.54, 'Pending', '2024-05-22T00:37:14', 'Send', 1),
(85, 'TXN-ON4FW6OO', 23, 7, '2022-01-14T20:57:33', 2684.25, 'GBP', 'Central African Republic', 5.41, 'Completed', '2020-10-02T00:08:43', 'Receive', 0),
(86, 'TXN-8GQNWHTG', 99, 12, '2021-12-07T07:24:54', 5531.78, 'USD', 'Kuwait', 49.97, 'Completed', '2022-10-07T16:35:57', 'ME', 0),
(87, 'TXN-TS8ISNS1', 31, 2, '2021-01-18T03:05:58', 1738.56, 'GBP', 'Mali', 11.3, 'Failed', '2022-04-17T08:17:34', 'Receive', 0),
(88, 'TXN-Y01DWY38', 72, 10, '2021-07-29T23:51:12', 1369.98, 'EUR', 'Iceland', 6.51, 'Pending', '2024-10-09T19:54:59', 'Send', 1),
(89, 'TXN-23WMA6ZC', 84, 4, '2021-11-23T14:29:52', 1520.95, 'GBP', 'Lesotho', 16.79, 'Completed', '2023-04-03T23:31:40', 'ME', 0),
(90, 'TXN-WNTGBQNF', 11, 24, '2024-06-04T17:36:52', 11.62, 'INR', 'Vietnam', 27.46, 'Pending', '2024-12-12T03:47:23', 'Send', 0),
(91, 'TXN-7W9HWZO5', 34, 14, '2023-08-05T02:10:13', 1095.46, 'USD', 'Taiwan', 40.29, 'Failed', '2024-05-10T11:34:57', 'Send', 0),
(92, 'TXN-DPP5DA10', 26, 20, '2023-08-10T01:50:58', 2108.8, 'AUD', 'Colombia', 3.89, 'Failed', '2020-09-14T20:25:09', 'Receive', 1),
(93, 'TXN-ZI6AZTLE', 27, 18, '2022-04-13T20:08:52', 6157.35, 'CAD', 'Wallis and Futuna', 48.58, 'Completed', '2020-11-07T00:22:57', 'ME', 0),
(94, 'TXN-J9VO1YOJ', 80, 2, '2021-01-29T18:41:45', 1885.95, 'USD', 'Monaco', 46.39, 'Pending', '2024-03-22T12:41:38', 'Send', 0),
(95, 'TXN-6CN7F40A', 54, 19, '2021-09-15T16:22:03', 2090.69, 'AUD', 'Holy See (Vatican City State)', 3.57, 'Cancelled', '2021-01-12T12:35:48', 'Send', 0),
(96, 'TXN-I1LBACTS', 10, 18, '2021-08-30T15:20:52', 32.35, 'EUR', 'Armenia', 25.07, 'Pending', '2024-05-10T18:36:48', 'Receive', 0),
(97, 'TXN-IV4C3QSY', 63, 14, '2020-04-08T10:07:27', 7925.54, 'INR', 'Turks and Caicos Islands', 14.15, 'Pending', '2024-09-16T07:00:45', 'Receive', 1),
(98, 'TXN-BZYYSP0D', 44, 19, '2021-11-06T10:17:44', 325.16, 'USD', 'Bangladesh', 13.53, 'Failed', '2023-07-31T02:47:42', 'Receive', 1),
(99, 'TXN-2V83SX9E', 83, 23, '2024-01-14T05:24:18', 873.66, 'AUD', 'French Southern Territories', 30.82, 'Completed', '2024-09-30T08:32:26', 'Send', 0),
(100, 'TXN-4XQH3JKL', 72, 3, '2020-01-19T12:34:41', 1795.81, 'AUD', 'Heard Island and McDonald Islands', 33.83, 'Failed', '2021-05-18T19:29:19', 'ME', 1),
(101, 'TXN-ODK4ZM56', 96, 2, '2024-10-24T15:10:08', 7068.19, 'AUD', 'Uganda', 23.84, 'Failed', '2022-06-24T12:04:47', 'ME', 1),
(102, 'TXN-058ONH8C', 28, 18, '2020-11-29T11:29:19', 120.31, 'USD', 'United Arab Emirates', 32.49, 'Completed', '2022-12-11T13:42:12', 'Send', 0),
(103, 'TXN-R30O3IZ5', 63, 13, '2021-03-08T22:29:51', 412.08, 'EUR', 'Argentina', 13.76, 'Completed', '2022-03-22T19:18:53', 'Receive', 0),
(104, 'TXN-G2PZEIT3', 69, 9, '2023-09-23T04:48:03', 6842.11, 'INR', 'Sri Lanka', 19.71, 'Pending', '2023-09-28T11:14:10', 'Receive', 0),
(105, 'TXN-AQJZ2RTU', 66, 6, '2024-05-14T12:08:26', 6984.4, 'USD', 'Panama', 36.6, 'Failed', '2021-03-07T13:45:46', 'Receive', 1),
(106, 'TXN-EYMJS38D', 19, 5, '2023-01-07T11:00:19', 3880.95, 'USD', 'Saudi Arabia', 6.72, 'Cancelled', '2022-08-29T04:23:45', 'ME', 1),
(107, 'TXN-6UMC2PWE', 6, 14, '2022-05-04T03:44:48', 6512.18, 'INR', 'United States of America', 31.6, 'Failed', '2021-09-25T12:05:31', 'Receive', 1),
(108, 'TXN-AOV4XBB7', 34, 14, '2020-12-29T04:38:18', 988.03, 'USD', 'Cape Verde', 34.28, 'Completed', '2021-07-07T06:58:18', 'ME', 0),
(109, 'TXN-WK8F5MEH', 44, 13, '2023-07-30T02:58:11', 2202.54, 'USD', 'Oman', 38.66, 'Pending', '2020-01-27T03:24:29', 'Receive', 1),
(110, 'TXN-AADO774T', 10, 25, '2020-02-06T09:06:21', 7774.8, 'GBP', 'Nicaragua', 10.17, 'Completed', '2024-05-17T18:59:09', 'Receive', 1),
(111, 'TXN-Z02AJVZ1', 10, 20, '2022-02-14T19:54:07', 6762.23, 'AUD', 'Singapore', 38.74, 'Cancelled', '2020-09-04T07:33:36', 'Send', 0),
(112, 'TXN-QKMQXKOD', 29, 5, '2023-10-26T19:21:54', 5102.56, 'CAD', 'Maldives', 30.86, 'Failed', '2023-12-13T19:40:09', 'ME', 1),
(113, 'TXN-9SFZQOR0', 30, 23, '2021-10-12T07:36:20', 6783.72, 'AUD', 'Poland', 29.95, 'Completed', '2022-11-03T07:14:55', 'Receive', 1),
(114, 'TXN-M7RY7WBP', 48, 1, '2020-07-31T04:29:24', 3528.6, 'USD', 'Syrian Arab Republic', 18.02, 'Completed', '2020-06-19T19:49:14', 'Receive', 0),
(115, 'TXN-GPAOMMRY', 27, 9, '2021-06-25T04:24:44', 5195.0, 'USD', 'Uruguay', 47.2, 'Pending', '2021-12-23T18:23:04', 'Receive', 0),
(116, 'TXN-C6MG0G0H', 25, 15, '2024-01-13T13:38:14', 7222.47, 'INR', 'Colombia', 7.45, 'Completed', '2022-03-03T03:59:13', 'Send', 0),
(117, 'TXN-UXNB07O7', 77, 10, '2020-01-14T20:35:53', 413.73, 'GBP', 'Western Sahara', 10.69, 'Cancelled', '2022-12-20T20:14:59', 'ME', 0),
(118, 'TXN-E117KMJM', 100, 3, '2020-07-29T06:21:45', 3620.78, 'USD', 'Guinea-Bissau', 46.91, 'Failed', '2020-05-01T07:14:32', 'Send', 0),
(119, 'TXN-N6VSYUUU', 26, 6, '2023-01-15T11:40:48', 3962.94, 'EUR', 'Korea', 21.71, 'Completed', '2024-06-28T04:53:03', 'ME', 1),
(120, 'TXN-ADGBGHDA', 41, 17, '2022-05-03T15:40:47', 9199.35, 'CAD', 'Slovenia', 30.21, 'Pending', '2021-05-26T03:19:45', 'ME', 1),
(121, 'TXN-UV9XHDFB', 1, 23, '2024-11-25T06:41:06', 941.78, 'USD', 'Armenia', 13.76, 'Cancelled', '2020-04-14T13:06:24', 'Send', 0),
(122, 'TXN-4L8E2P0J', 8, 19, '2023-11-30T20:33:54', 6867.89, 'EUR', 'Western Sahara', 36.92, 'Completed', '2022-12-16T06:49:03', 'Receive', 0),
(123, 'TXN-JYM2YDHH', 25, 13, '2021-03-16T06:09:53', 474.74, 'USD', 'Peru', 20.45, 'Completed', '2023-01-09T04:35:09', 'Send', 0),
(124, 'TXN-I74F8PE7', 71, 9, '2023-12-14T19:44:26', 23.71, 'EUR', 'Turks and Caicos Islands', 36.16, 'Cancelled', '2022-10-17T13:03:36', 'ME', 0),
(125, 'TXN-PAVOQC20', 9, 20, '2020-08-14T03:01:47', 3268.15, 'GBP', 'Korea', 11.66, 'Pending', '2020-08-10T05:16:21', 'ME', 0),
(126, 'TXN-JVYKILEP', 95, 6, '2021-07-28T06:58:40', 6607.42, 'INR', 'Nauru', 48.19, 'Completed', '2024-04-03T15:38:26', 'Send', 1),
(127, 'TXN-765UHES8', 76, 10, '2024-09-20T11:09:50', 8143.51, 'USD', 'United Arab Emirates', 6.59, 'Failed', '2023-06-19T02:51:46', 'Send', 0),
(128, 'TXN-MGX2IX2E', 41, 16, '2020-02-03T18:17:32', 5687.53, 'GBP', 'Iraq', 5.9, 'Completed', '2022-11-05T03:42:44', 'Receive', 0),
(129, 'TXN-SH8FOKPG', 81, 21, '2021-06-02T07:29:39', 5900.8, 'GBP', 'Brunei Darussalam', 17.48, 'Pending', '2023-08-14T08:03:19', 'Send', 1),
(130, 'TXN-1YZRSFC7', 54, 13, '2021-08-08T23:17:00', 8621.66, 'CAD', 'Puerto Rico', 34.26, 'Completed', '2020-11-08T11:16:55', 'Send', 1),
(131, 'TXN-TB3HF9EZ', 14, 7, '2021-05-10T04:28:51', 6355.24, 'EUR', 'Armenia', 35.09, 'Completed', '2024-03-06T09:36:27', 'ME', 1),
(132, 'TXN-PCZFF2LK', 71, 24, '2021-02-27T00:09:26', 6641.55, 'AUD', 'Egypt', 16.78, 'Failed', '2020-02-08T14:38:34', 'ME', 0),
(133, 'TXN-1RBFHH7K', 20, 8, '2023-12-18T20:18:25', 3717.25, 'CAD', 'Jamaica', 27.99, 'Pending', '2024-01-20T17:45:00', 'ME', 1),
(134, 'TXN-N4LWZXFG', 79, 24, '2021-11-27T09:39:37', 6946.12, 'AUD', 'Colombia', 28.11, 'Pending', '2020-09-08T12:25:59', 'Send', 1),
(135, 'TXN-62DN7ZI3', 56, 16, '2023-02-09T10:31:06', 4155.42, 'INR', 'United Arab Emirates', 36.66, 'Failed', '2022-05-15T14:14:14', 'Send', 0),
(136, 'TXN-PF6T3O2S', 89, 25, '2021-04-16T06:29:46', 1286.87, 'EUR', 'Monaco', 15.36, 'Pending', '2020-04-11T12:58:44', 'Send', 0),
(137, 'TXN-12SUEKAU', 55, 2, '2020-09-25T04:08:09', 4953.07, 'EUR', 'Northern Mariana Islands', 8.16, 'Failed', '2021-05-30T17:17:25', 'ME', 0),
(138, 'TXN-MK854F0Q', 92, 11, '2022-01-08T10:39:53', 9535.64, 'EUR', 'French Polynesia', 35.95, 'Pending', '2024-08-19T02:19:07', 'ME', 0),
(139, 'TXN-A4WRVQCB', 12, 14, '2021-02-14T07:01:53', 4725.8, 'GBP', 'Cayman Islands', 49.54, 'Completed', '2022-05-13T09:51:39', 'Receive', 0),
(140, 'TXN-4K6JZ7RY', 93, 3, '2020-05-23T09:55:17', 3698.64, 'CAD', 'Estonia', 26.34, 'Completed', '2020-08-21T03:49:46', 'ME', 0),
(141, 'TXN-8QIFHNIN', 30, 24, '2020-08-26T09:27:59', 5184.87, 'CAD', 'Afghanistan', 45.45, 'Pending', '2020-11-24T22:06:49', 'ME', 0),
(142, 'TXN-RSCXG6EX', 57, 24, '2021-07-08T18:46:08', 2126.41, 'EUR', 'Netherlands', 28.49, 'Completed', '2022-09-11T19:19:27', 'ME', 1),
(143, 'TXN-8A4EGF80', 23, 8, '2021-07-22T14:28:12', 1516.9, 'INR', 'Jersey', 47.4, 'Failed', '2022-01-05T02:28:58', 'Send', 1),
(144, 'TXN-55KEB19R', 49, 4, '2020-05-15T21:52:15', 5864.12, 'USD', 'Svalbard & Jan Mayen Islands', 25.45, 'Completed', '2024-07-08T04:45:09', 'ME', 0),
(145, 'TXN-AGQVK2EJ', 32, 15, '2021-05-31T14:47:01', 1276.37, 'CAD', 'Mexico', 35.81, 'Cancelled', '2024-08-04T03:30:35', 'ME', 1),
(146, 'TXN-A57EGUBX', 26, 2, '2020-10-14T15:02:19', 1159.14, 'INR', 'Myanmar', 48.45, 'Cancelled', '2021-06-22T16:09:22', 'ME', 0),
(147, 'TXN-6IUAY50H', 83, 11, '2023-02-24T03:35:04', 2210.61, 'INR', 'Saint Vincent and the Grenadines', 45.9, 'Cancelled', '2022-01-29T05:32:43', 'ME', 1),
(148, 'TXN-2LWE8RJQ', 64, 19, '2022-05-19T12:17:19', 6719.16, 'USD', 'Ireland', 18.39, 'Cancelled', '2022-06-19T00:00:51', 'ME', 0),
(149, 'TXN-AC562CM5', 55, 20, '2024-04-26T05:01:23', 6024.37, 'GBP', 'Slovakia (Slovak Republic)', 35.53, 'Cancelled', '2024-06-30T06:09:25', 'ME', 1),
(150, 'TXN-MVQ157NF', 8, 6, '2021-03-29T01:21:08', 9619.93, 'USD', 'Australia', 12.74, 'Pending', '2020-07-11T21:33:32', 'Send', 0),
(151, 'TXN-31NCI7T7', 73, 19, '2021-12-19T19:08:26', 5162.75, 'GBP', 'Saint Martin', 43.83, 'Pending', '2022-01-25T18:51:43', 'ME', 1),
(152, 'TXN-97R3L875', 47, 8, '2021-05-20T19:48:16', 1637.39, 'USD', 'Liberia', 45.76, 'Completed', '2021-11-14T18:35:55', 'Receive', 1),
(153, 'TXN-LGVZ44Y6', 51, 18, '2024-05-09T17:51:29', 3246.2, 'GBP', 'Algeria', 41.94, 'Cancelled', '2024-07-15T01:23:06', 'Receive', 0),
(154, 'TXN-FS1QIOIU', 40, 24, '2021-09-08T18:42:17', 9718.52, 'AUD', 'Burundi', 4.41, 'Failed', '2020-08-11T08:43:45', 'ME', 1),
(155, 'TXN-04HVOWYK', 63, 24, '2023-04-20T23:27:05', 5163.1, 'INR', 'Tajikistan', 10.31, 'Failed', '2021-11-04T19:47:06', 'ME', 1),
(156, 'TXN-58LGEVUW', 94, 24, '2024-01-24T17:23:52', 664.71, 'AUD', 'Honduras', 36.03, 'Failed', '2022-10-21T13:48:18', 'ME', 0),
(157, 'TXN-1NH57XHB', 56, 25, '2023-06-17T07:29:04', 6773.86, 'CAD', 'United Kingdom', 15.11, 'Cancelled', '2021-06-23T15:15:23', 'ME', 1),
(158, 'TXN-CHKWD4UP', 55, 23, '2020-10-17T06:18:48', 1396.82, 'GBP', 'Romania', 20.06, 'Failed', '2024-12-09T03:46:47', 'Send', 1),
(159, 'TXN-GVO27S67', 66, 19, '2023-06-03T22:46:07', 9369.25, 'GBP', 'Denmark', 9.37, 'Pending', '2024-11-14T08:19:23', 'Receive', 0),
(160, 'TXN-SV7T9ASJ', 11, 18, '2021-11-21T05:23:14', 6591.09, 'EUR', 'Seychelles', 17.5, 'Cancelled', '2022-08-20T17:21:29', 'Send', 0),
(161, 'TXN-41QOSN8T', 91, 2, '2022-02-17T10:57:13', 4032.51, 'GBP', 'Macao', 43.08, 'Failed', '2020-05-01T22:57:19', 'Send', 0),
(162, 'TXN-NYL1PZF3', 90, 14, '2024-03-01T19:09:58', 325.2, 'EUR', 'Eritrea', 19.39, 'Completed', '2023-09-15T19:45:32', 'Receive', 0),
(163, 'TXN-HE8YU6GX', 92, 5, '2020-04-15T11:50:21', 460.49, 'CAD', 'Mexico', 36.24, 'Pending', '2024-12-17T11:47:30', 'Send', 1),
(164, 'TXN-GTEI6U6K', 80, 16, '2024-08-23T09:14:42', 1539.52, 'GBP', 'Uzbekistan', 35.93, 'Cancelled', '2022-11-01T14:58:18', 'ME', 0),
(165, 'TXN-6DECBZW0', 56, 20, '2022-04-04T13:02:04', 3556.9, 'USD', 'Gambia', 16.19, 'Completed', '2022-04-26T17:43:13', 'Send', 0),
(166, 'TXN-D4IZXP5A', 37, 10, '2023-01-30T03:27:26', 9077.29, 'GBP', 'Dominica', 14.17, 'Cancelled', '2022-12-14T20:08:19', 'Send', 1),
(167, 'TXN-ICOKI6IY', 96, 22, '2024-12-18T09:43:24', 9542.21, 'GBP', 'Botswana', 36.13, 'Pending', '2021-04-10T20:43:57', 'Receive', 0),
(168, 'TXN-G3HTWAV7', 22, 25, '2024-06-15T19:51:08', 3863.07, 'CAD', 'Tajikistan', 41.72, 'Pending', '2022-11-03T01:13:12', 'Receive', 1),
(169, 'TXN-3A6J4V2T', 22, 25, '2020-09-11T13:17:46', 5212.8, 'GBP', 'Monaco', 10.96, 'Completed', '2024-04-28T09:07:56', 'Send', 0),
(170, 'TXN-EXM103N1', 74, 11, '2023-06-10T22:27:18', 5078.42, 'USD', 'Serbia', 9.62, 'Failed', '2021-05-17T03:23:56', 'ME', 0),
(171, 'TXN-E3XC4EES', 58, 24, '2021-08-24T06:07:57', 5250.88, 'EUR', 'Mauritania', 25.0, 'Pending', '2023-05-05T17:21:39', 'Receive', 1),
(172, 'TXN-YTSJUB54', 52, 24, '2021-05-18T05:14:24', 5273.99, 'CAD', 'Palestinian Territory', 1.78, 'Completed', '2024-07-11T23:47:11', 'Send', 0),
(173, 'TXN-TMTETBHB', 52, 20, '2023-05-28T17:00:18', 4367.74, 'CAD', 'Faroe Islands', 11.39, 'Completed', '2020-04-20T05:42:48', 'Receive', 0),
(174, 'TXN-LTSR1Z6M', 59, 11, '2022-12-19T04:47:30', 5352.32, 'GBP', 'United States Minor Outlying Islands', 7.77, 'Failed', '2023-05-10T11:55:06', 'ME', 1),
(175, 'TXN-UE87YGLQ', 28, 9, '2024-10-22T07:50:32', 4135.24, 'CAD', 'Kuwait', 22.38, 'Pending', '2020-08-11T11:17:58', 'Send', 1),
(176, 'TXN-291I0GL3', 43, 12, '2024-03-02T20:04:24', 6173.49, 'CAD', 'Isle of Man', 14.06, 'Failed', '2021-11-04T06:56:28', 'Receive', 1),
(177, 'TXN-O6GJX60N', 19, 1, '2023-11-28T16:32:44', 3293.15, 'AUD', 'India', 28.33, 'Pending', '2021-10-17T04:50:38', 'Receive', 0),
(178, 'TXN-2UY9NO5K', 92, 7, '2020-11-21T11:39:05', 8184.13, 'INR', 'France', 43.93, 'Completed', '2021-02-14T16:20:13', 'Send', 1),
(179, 'TXN-47RYBQ9A', 37, 9, '2023-10-21T09:13:44', 7578.43, 'AUD', 'Togo', 7.1, 'Pending', '2020-06-20T08:07:48', 'Send', 1),
(180, 'TXN-OFGQ5W93', 20, 11, '2023-06-03T02:14:54', 5222.61, 'USD', 'South Africa', 49.18, 'Completed', '2023-08-25T07:13:33', 'Send', 1),
(181, 'TXN-H7I9QND4', 87, 10, '2022-01-02T07:48:38', 1137.53, 'CAD', 'Andorra', 7.13, 'Pending', '2021-03-03T09:17:36', 'Send', 1),
(182, 'TXN-WCO76HCK', 72, 5, '2024-07-02T02:47:45', 1933.66, 'USD', 'Saint Helena', 21.54, 'Pending', '2020-05-03T20:38:11', 'ME', 1),
(183, 'TXN-PFNHSZVZ', 5, 11, '2020-05-15T08:25:24', 1462.39, 'EUR', 'Denmark', 19.84, 'Cancelled', '2020-11-18T16:39:46', 'Receive', 0),
(184, 'TXN-ELQH4AI3', 95, 2, '2023-10-20T21:44:02', 5241.14, 'EUR', 'Turkmenistan', 3.52, 'Cancelled', '2021-08-13T08:43:37', 'Send', 0),
(185, 'TXN-9K08L2UZ', 22, 16, '2024-04-22T06:43:44', 5151.17, 'EUR', 'Anguilla', 11.01, 'Cancelled', '2021-06-01T22:56:59', 'Send', 1),
(186, 'TXN-5K1343PK', 97, 13, '2022-06-27T10:07:06', 1294.53, 'AUD', 'Bermuda', 47.68, 'Cancelled', '2021-05-30T09:52:36', 'ME', 1),
(187, 'TXN-1Q7XVHLY', 90, 8, '2021-06-20T16:13:54', 8567.63, 'GBP', 'Cayman Islands', 27.38, 'Pending', '2023-05-30T04:56:37', 'ME', 0),
(188, 'TXN-7QANU0WN', 59, 1, '2020-06-10T03:51:04', 9463.68, 'CAD', 'Sudan', 7.95, 'Failed', '2022-07-17T22:12:02', 'Receive', 1),
(189, 'TXN-Z8HY7VBA', 52, 13, '2021-07-03T01:06:30', 8447.88, 'GBP', 'Azerbaijan', 24.17, 'Failed', '2023-05-19T06:27:33', 'Receive', 1),
(190, 'TXN-QLUXOAR8', 45, 21, '2024-02-26T19:12:57', 8159.53, 'AUD', 'Antarctica (the territory South of 60 deg S)', 37.26, 'Completed', '2023-05-25T23:30:59', 'Send', 1),
(191, 'TXN-KV49W1N3', 60, 19, '2020-03-28T11:19:31', 3729.44, 'USD', 'Mayotte', 32.23, 'Failed', '2021-12-05T00:45:23', 'Receive', 1),
(192, 'TXN-X5AHDVIF', 17, 21, '2024-11-29T11:34:29', 6009.13, 'AUD', 'Namibia', 39.01, 'Cancelled', '2022-10-17T18:36:47', 'Receive', 0),
(193, 'TXN-8SUHM2T6', 69, 6, '2022-01-20T17:40:23', 6342.25, 'CAD', 'Swaziland', 25.49, 'Cancelled', '2022-06-02T11:52:46', 'ME', 0),
(194, 'TXN-K0Z9OG98', 5, 22, '2020-04-20T09:27:44', 5610.05, 'USD', 'Sweden', 44.91, 'Failed', '2025-01-08T03:46:11', 'Send', 0),
(195, 'TXN-YNILTFNA', 76, 12, '2022-04-16T15:49:39', 1690.31, 'INR', 'Papua New Guinea', 3.01, 'Failed', '2020-06-20T22:17:16', 'Receive', 1),
(196, 'TXN-4F0OLRL4', 40, 16, '2020-02-02T08:12:16', 3812.03, 'INR', 'Afghanistan', 6.39, 'Failed', '2021-11-21T19:27:25', 'Receive', 0),
(197, 'TXN-OPXVSR0N', 40, 21, '2021-05-22T04:09:28', 7996.3, 'INR', 'Iceland', 34.03, 'Cancelled', '2022-01-18T23:32:14', 'ME', 1),
(198, 'TXN-8LMDPCKF', 26, 3, '2020-03-28T19:32:46', 5794.4, 'GBP', 'Kyrgyz Republic', 16.84, 'Failed', '2021-10-02T06:31:52', 'ME', 0),
(199, 'TXN-OZAKK9I7', 17, 3, '2021-03-19T00:02:52', 1528.74, 'GBP', 'Trinidad and Tobago', 3.8, 'Failed', '2024-06-25T14:11:56', 'Receive', 0),
(200, 'TXN-4T7D77NG', 100, 13, '2023-09-17T08:50:53', 8862.75, 'EUR', 'Philippines', 4.18, 'Cancelled', '2023-02-16T00:49:50', 'Receive', 1),
(201, 'TXN-41CI3J04', 12, 5, '2023-11-19T00:30:33', 9484.02, 'AUD', 'Cameroon', 9.08, 'Completed', '2024-11-09T17:22:22', 'Send', 1),
(202, 'TXN-G0Z0PQM9', 100, 2, '2023-06-03T21:59:36', 4948.08, 'USD', 'Colombia', 24.2, 'Completed', '2023-05-28T13:05:20', 'Send', 1),
(203, 'TXN-719WDB91', 27, 13, '2021-01-19T12:23:59', 6417.97, 'EUR', 'Tunisia', 30.56, 'Completed', '2020-12-30T16:30:34', 'Send', 1),
(204, 'TXN-SWF604E9', 99, 4, '2022-02-12T06:58:14', 9540.46, 'EUR', 'Svalbard & Jan Mayen Islands', 45.08, 'Cancelled', '2022-01-24T01:22:44', 'Receive', 1),
(205, 'TXN-HFVI92DK', 55, 1, '2024-04-02T11:00:39', 1096.36, 'INR', 'Belize', 24.91, 'Completed', '2020-11-07T14:12:48', 'Receive', 0),
(206, 'TXN-NQU89MA8', 94, 13, '2021-11-13T18:44:01', 6178.49, 'USD', 'Antigua and Barbuda', 35.65, 'Failed', '2024-03-18T19:56:09', 'Receive', 0),
(207, 'TXN-9BNFNDM6', 50, 6, '2021-02-11T00:00:20', 4799.82, 'CAD', 'Andorra', 25.52, 'Cancelled', '2022-06-03T12:51:52', 'Send', 0),
(208, 'TXN-3R1RJFQ7', 26, 22, '2020-04-22T13:36:59', 8362.18, 'CAD', 'Lithuania', 48.8, 'Completed', '2023-06-16T15:22:02', 'Receive', 1),
(209, 'TXN-T38IC0RD', 85, 23, '2023-09-14T17:33:26', 3659.61, 'AUD', 'Sri Lanka', 40.81, 'Failed', '2024-02-10T11:43:25', 'ME', 0),
(210, 'TXN-XMMFAMQ2', 28, 23, '2021-05-14T18:36:54', 1176.41, 'INR', 'New Zealand', 29.88, 'Cancelled', '2023-11-26T17:45:42', 'Send', 0),
(211, 'TXN-MKXCTJ4C', 20, 12, '2024-05-15T03:44:07', 5879.32, 'INR', 'Angola', 37.89, 'Completed', '2023-09-06T19:07:57', 'ME', 1),
(212, 'TXN-HBZ79LYE', 17, 10, '2023-07-13T07:22:37', 7540.2, 'CAD', 'Papua New Guinea', 26.81, 'Pending', '2021-10-04T08:03:06', 'ME', 0),
(213, 'TXN-3HG1PQMI', 79, 24, '2021-10-02T13:21:42', 881.32, 'GBP', 'Costa Rica', 35.01, 'Pending', '2021-01-11T18:53:59', 'ME', 0),
(214, 'TXN-0A1S3ZL6', 100, 17, '2022-11-10T05:42:07', 4958.11, 'CAD', 'Samoa', 34.97, 'Completed', '2022-03-30T23:14:45', 'ME', 0),
(215, 'TXN-FU7CL1W7', 66, 24, '2022-03-26T01:23:35', 6281.85, 'AUD', 'Saint Helena', 35.22, 'Pending', '2021-11-07T18:22:32', 'Send', 1),
(216, 'TXN-9SC3XB6I', 68, 11, '2024-08-08T21:00:34', 8604.23, 'INR', 'Congo', 22.59, 'Completed', '2023-08-01T21:06:57', 'ME', 1),
(217, 'TXN-C2KWW2KK', 80, 10, '2022-06-06T18:44:37', 5260.83, 'CAD', 'Tuvalu', 19.53, 'Failed', '2020-11-14T10:30:29', 'ME', 0),
(218, 'TXN-3TNI5PFP', 23, 2, '2020-10-17T00:25:35', 7738.39, 'AUD', 'Brazil', 43.97, 'Pending', '2022-03-13T21:47:19', 'Send', 0),
(219, 'TXN-VPCAXMN6', 79, 4, '2024-04-27T15:32:32', 1301.72, 'CAD', 'Timor-Leste', 8.67, 'Failed', '2024-01-31T23:08:50', 'Send', 0),
(220, 'TXN-73D4UPKP', 56, 23, '2023-03-20T06:58:00', 8046.15, 'EUR', 'Heard Island and McDonald Islands', 28.11, 'Failed', '2020-10-18T13:17:04', 'Send', 0),
(221, 'TXN-FYU3EURA', 59, 22, '2021-11-10T05:48:25', 4603.88, 'AUD', 'Slovenia', 12.57, 'Cancelled', '2022-04-13T01:15:21', 'Send', 1),
(222, 'TXN-86UNCT8H', 10, 19, '2023-02-08T07:19:27', 3063.08, 'GBP', 'United Arab Emirates', 47.73, 'Completed', '2024-05-25T05:45:45', 'Send', 0),
(223, 'TXN-RHTTJGMK', 17, 17, '2024-11-02T12:12:41', 2436.0, 'CAD', 'Cook Islands', 41.18, 'Failed', '2021-05-22T02:52:49', 'Send', 0),
(224, 'TXN-V9IWUC1L', 30, 20, '2020-07-06T15:12:08', 3451.53, 'USD', 'Cyprus', 45.66, 'Failed', '2020-02-10T18:38:54', 'Receive', 0),
(225, 'TXN-7HKYUNMD', 2, 12, '2024-05-29T02:35:54', 163.34, 'USD', 'Malta', 40.92, 'Failed', '2022-02-24T20:12:34', 'ME', 0),
(226, 'TXN-2U5JUITI', 97, 22, '2023-07-25T06:03:03', 5059.16, 'EUR', 'Central African Republic', 6.64, 'Failed', '2023-06-06T19:52:14', 'ME', 0),
(227, 'TXN-TMWZOFQ0', 41, 10, '2023-09-14T03:40:17', 5783.66, 'GBP', 'Guam', 22.72, 'Failed', '2023-08-21T21:12:00', 'ME', 0),
(228, 'TXN-OEZ3KXUF', 23, 14, '2021-11-12T09:26:40', 5865.45, 'INR', 'American Samoa', 40.41, 'Pending', '2021-06-30T01:58:03', 'Receive', 0),
(229, 'TXN-DEPI6HFQ', 61, 22, '2021-08-21T14:03:32', 6327.39, 'INR', 'Moldova', 13.65, 'Pending', '2021-01-25T09:52:32', 'Send', 1),
(230, 'TXN-KE8WFP4N', 91, 11, '2022-11-13T21:47:21', 8558.68, 'AUD', 'Guinea-Bissau', 27.06, 'Cancelled', '2023-02-08T11:43:47', 'Receive', 1),
(231, 'TXN-UCFMWULY', 78, 11, '2022-04-05T18:25:47', 6420.61, 'AUD', 'Gambia', 16.37, 'Pending', '2023-05-03T07:47:12', 'Send', 1),
(232, 'TXN-IF588DYM', 3, 20, '2024-03-01T12:27:05', 8553.54, 'USD', 'Tuvalu', 3.53, 'Pending', '2022-11-30T12:48:45', 'Send', 0),
(233, 'TXN-V901JI2Z', 19, 8, '2020-08-24T10:14:46', 336.42, 'GBP', 'French Southern Territories', 24.88, 'Pending', '2022-05-26T09:33:11', 'Send', 1),
(234, 'TXN-BHBXH4GW', 37, 20, '2023-07-15T23:21:40', 8390.32, 'USD', 'Finland', 36.8, 'Cancelled', '2022-02-19T14:37:53', 'ME', 1),
(235, 'TXN-IXLVRLJM', 30, 24, '2021-07-13T21:55:59', 260.71, 'AUD', 'Timor-Leste', 39.6, 'Cancelled', '2022-08-01T09:59:04', 'ME', 1),
(236, 'TXN-AR5CDDBP', 72, 1, '2023-12-24T02:39:47', 4361.32, 'EUR', 'Zimbabwe', 22.87, 'Pending', '2024-10-31T19:29:33', 'Send', 0),
(237, 'TXN-S6YOVUVJ', 23, 4, '2023-08-22T01:37:41', 1745.25, 'INR', 'French Guiana', 6.42, 'Completed', '2023-09-05T07:32:09', 'ME', 0),
(238, 'TXN-86C162UK', 52, 10, '2024-09-29T09:55:31', 541.34, 'GBP', 'Tokelau', 13.0, 'Failed', '2020-04-01T16:18:26', 'Receive', 0),
(239, 'TXN-6YU9XZ88', 36, 4, '2020-06-24T20:25:18', 5652.58, 'INR', 'Palestinian Territory', 25.63, 'Pending', '2023-09-19T08:42:44', 'Send', 1),
(240, 'TXN-KRQ8GGSS', 99, 7, '2021-12-26T02:53:31', 8882.46, 'EUR', 'Mauritania', 5.94, 'Completed', '2022-03-08T18:00:19', 'ME', 0),
(241, 'TXN-MUHXDVIE', 66, 15, '2024-03-08T03:28:05', 9411.98, 'AUD', 'Libyan Arab Jamahiriya', 26.22, 'Cancelled', '2023-10-23T20:38:09', 'Receive', 0),
(242, 'TXN-74ZYTPM9', 82, 19, '2022-03-03T02:26:10', 9282.99, 'INR', 'Wallis and Futuna', 21.47, 'Completed', '2021-05-17T11:09:34', 'ME', 1),
(243, 'TXN-8QFVGGTM', 75, 8, '2022-04-30T09:01:37', 9773.89, 'INR', 'Sri Lanka', 8.0, 'Completed', '2022-04-07T08:07:49', 'Send', 1),
(244, 'TXN-5M91HQUZ', 25, 20, '2021-05-02T23:14:40', 5304.7, 'GBP', 'Ecuador', 28.09, 'Failed', '2020-05-21T09:08:12', 'Send', 1),
(245, 'TXN-H29L189J', 18, 4, '2023-03-27T14:25:49', 2325.31, 'INR', 'Luxembourg', 49.85, 'Cancelled', '2022-07-13T22:59:23', 'Receive', 0),
(246, 'TXN-EW5ESF3T', 3, 25, '2023-08-10T15:23:33', 7134.5, 'CAD', 'Montenegro', 28.36, 'Completed', '2020-07-26T04:48:37', 'Send', 1),
(247, 'TXN-1YJ3Q7LI', 16, 19, '2021-05-12T09:48:25', 8912.03, 'USD', 'Turkey', 18.8, 'Cancelled', '2023-02-14T17:19:41', 'Receive', 0),
(248, 'TXN-ANL8B76I', 14, 17, '2023-04-01T04:32:50', 9193.34, 'AUD', 'Saint Vincent and the Grenadines', 42.8, 'Failed', '2020-04-07T03:49:53', 'Send', 1),
(249, 'TXN-UES9Z30B', 22, 5, '2022-03-11T16:40:45', 9668.99, 'AUD', 'New Caledonia', 22.63, 'Pending', '2024-03-02T09:15:44', 'ME', 0),
(250, 'TXN-8LFN2EX3', 7, 4, '2021-09-03T22:04:41', 9872.1, 'INR', 'New Zealand', 10.53, 'Failed', '2023-11-26T17:57:22', 'Send', 0),
(251, 'TXN-AIMJ1JL9', 19, 16, '2024-10-26T19:51:02', 912.14, 'AUD', 'Dominican Republic', 46.59, 'Failed', '2023-12-29T13:08:00', 'ME', 0),
(252, 'TXN-50B6OBI1', 90, 17, '2024-06-05T16:11:59', 565.95, 'CAD', 'France', 18.25, 'Completed', '2024-01-21T23:54:18', 'ME', 0),
(253, 'TXN-J3E389AD', 72, 9, '2021-05-20T14:14:14', 7379.89, 'CAD', 'Mexico', 40.34, 'Completed', '2023-08-07T05:16:53', 'Send', 1),
(254, 'TXN-ST6BJ2TM', 78, 15, '2022-06-04T16:07:25', 9187.67, 'INR', 'Saint Lucia', 2.57, 'Pending', '2023-03-21T04:41:48', 'ME', 0),
(255, 'TXN-J4QWUWF6', 57, 11, '2022-03-10T04:41:24', 6742.28, 'AUD', 'Bulgaria', 46.8, 'Completed', '2021-02-07T03:36:15', 'ME', 0),
(256, 'TXN-CCFA9Y14', 36, 13, '2020-06-28T17:26:29', 1611.81, 'EUR', 'Luxembourg', 49.13, 'Failed', '2024-09-14T10:38:26', 'Receive', 1),
(257, 'TXN-TNV4JSTL', 96, 21, '2023-06-26T23:28:49', 7755.15, 'INR', 'Sudan', 8.37, 'Cancelled', '2024-08-17T08:09:46', 'ME', 1),
(258, 'TXN-0YOMLSSQ', 63, 2, '2020-06-21T02:11:24', 2633.71, 'INR', 'New Zealand', 12.35, 'Pending', '2024-05-21T04:11:35', 'ME', 0),
(259, 'TXN-TB4REQAM', 12, 6, '2022-09-16T20:53:47', 1163.05, 'EUR', 'Myanmar', 49.39, 'Completed', '2023-03-31T01:57:46', 'Receive', 0),
(260, 'TXN-J8N7A9YB', 83, 14, '2024-06-18T00:38:38', 7824.76, 'CAD', 'Guam', 42.31, 'Completed', '2020-12-03T13:22:40', 'Receive', 1),
(261, 'TXN-EPJ5GG49', 21, 22, '2021-02-06T15:37:38', 85.89, 'INR', 'Senegal', 18.5, 'Failed', '2023-08-12T14:23:14', 'Receive', 1),
(262, 'TXN-R6XZPAC8', 53, 12, '2024-05-17T08:03:30', 4973.96, 'CAD', 'Iran', 48.25, 'Pending', '2024-04-13T21:25:49', 'Receive', 1),
(263, 'TXN-GS36BKB3', 13, 20, '2022-07-07T07:21:19', 9067.22, 'USD', 'Hong Kong', 30.15, 'Completed', '2021-04-11T19:42:23', 'ME', 0),
(264, 'TXN-8O4RXKZJ', 83, 20, '2021-02-16T04:05:17', 9469.73, 'INR', 'Finland', 19.3, 'Pending', '2023-12-01T19:49:50', 'Receive', 0),
(265, 'TXN-MW4Y1VTT', 42, 11, '2022-09-12T18:56:06', 1294.05, 'USD', 'Guam', 28.94, 'Cancelled', '2022-01-13T17:35:49', 'Send', 0),
(266, 'TXN-CTTUZVOR', 1, 25, '2023-01-25T17:03:21', 2733.56, 'EUR', 'Yemen', 2.73, 'Failed', '2023-05-31T19:05:48', 'ME', 1),
(267, 'TXN-PH62YT6Q', 31, 25, '2023-12-07T18:21:24', 2618.28, 'GBP', 'Czech Republic', 6.49, 'Completed', '2022-05-23T07:34:27', 'Send', 1),
(268, 'TXN-6WJM02HK', 63, 12, '2023-04-15T03:48:00', 7985.03, 'USD', 'Saint Vincent and the Grenadines', 46.51, 'Completed', '2020-03-17T15:34:09', 'Send', 0),
(269, 'TXN-VOCMFJGP', 44, 15, '2023-04-11T19:54:39', 9160.82, 'CAD', 'Svalbard & Jan Mayen Islands', 23.97, 'Completed', '2022-11-22T03:31:48', 'ME', 0),
(270, 'TXN-SIOJUQFH', 90, 17, '2024-09-14T22:07:50', 2679.56, 'CAD', 'Croatia', 23.93, 'Completed', '2024-12-30T06:05:59', 'Send', 1),
(271, 'TXN-RT9ONAA9', 84, 23, '2022-04-24T00:24:48', 2297.98, 'CAD', 'New Caledonia', 19.58, 'Cancelled', '2021-10-04T20:29:47', 'Send', 1),
(272, 'TXN-YC0EZG5N', 15, 3, '2020-01-17T06:11:37', 3729.57, 'CAD', 'Greenland', 6.09, 'Completed', '2022-12-14T20:19:39', 'Send', 1),
(273, 'TXN-QJDDRFV4', 33, 15, '2021-05-10T19:35:29', 8446.69, 'CAD', 'Greenland', 9.03, 'Pending', '2023-06-25T17:19:28', 'ME', 1),
(274, 'TXN-MLXN369P', 77, 6, '2024-06-02T19:22:25', 1789.92, 'INR', 'United Arab Emirates', 11.31, 'Completed', '2024-12-31T14:35:41', 'Send', 0),
(275, 'TXN-LYPGWIJ0', 59, 5, '2021-06-23T11:10:22', 7733.72, 'CAD', 'Sudan', 41.35, 'Pending', '2023-07-19T02:29:14', 'Receive', 1),
(276, 'TXN-VBENX7J5', 80, 1, '2020-12-27T22:04:17', 9554.22, 'AUD', 'Falkland Islands (Malvinas)', 14.13, 'Completed', '2022-01-05T16:40:07', 'ME', 0),
(277, 'TXN-361WP1QT', 8, 5, '2022-08-02T17:11:48', 1109.14, 'AUD', 'Greece', 27.91, 'Cancelled', '2021-08-31T17:06:03', 'Send', 1),
(278, 'TXN-O77X1OBI', 2, 20, '2020-06-28T22:06:59', 810.06, 'USD', 'Cameroon', 1.25, 'Cancelled', '2024-09-07T15:26:38', 'Receive', 1),
(279, 'TXN-5TCX6QN0', 53, 17, '2022-07-25T19:24:21', 5825.01, 'USD', 'Guatemala', 23.34, 'Pending', '2020-11-11T09:41:50', 'Receive', 1),
(280, 'TXN-QU9ZEY9D', 98, 11, '2020-09-12T06:42:18', 5853.54, 'AUD', 'El Salvador', 4.21, 'Failed', '2024-04-01T17:19:27', 'Send', 0),
(281, 'TXN-2S2LAF7M', 70, 18, '2023-01-19T00:42:58', 6838.35, 'USD', 'Mexico', 41.57, 'Failed', '2021-03-22T06:11:48', 'Receive', 0),
(282, 'TXN-NJWHXAUL', 91, 2, '2020-05-28T17:20:06', 5255.94, 'AUD', 'Zimbabwe', 39.52, 'Completed', '2020-06-22T16:53:03', 'ME', 0),
(283, 'TXN-67JJ35T8', 63, 19, '2021-12-19T03:58:23', 4692.68, 'INR', 'Saint Helena', 17.45, 'Failed', '2023-07-23T22:20:35', 'Send', 0),
(284, 'TXN-6J87AMMM', 22, 12, '2022-05-27T04:16:53', 2570.56, 'AUD', 'Senegal', 1.16, 'Completed', '2023-12-24T03:54:18', 'Send', 0),
(285, 'TXN-LOBOFMUV', 82, 3, '2020-11-07T11:46:10', 7581.81, 'USD', 'Guadeloupe', 34.11, 'Completed', '2024-04-10T18:36:20', 'Send', 1),
(286, 'TXN-E30PGAXE', 51, 24, '2023-04-03T04:03:54', 6666.59, 'CAD', 'Poland', 43.83, 'Failed', '2022-09-04T03:34:20', 'Receive', 0),
(287, 'TXN-BJXWNRVF', 82, 4, '2024-06-14T00:00:16', 8897.32, 'GBP', 'Northern Mariana Islands', 19.62, 'Failed', '2021-09-21T12:30:27', 'Receive', 0),
(288, 'TXN-IC7HSYBC', 92, 13, '2024-04-05T23:06:07', 6271.12, 'USD', 'Croatia', 40.47, 'Completed', '2024-12-21T18:43:55', 'Send', 1),
(289, 'TXN-86IEL9K5', 39, 13, '2024-09-03T11:25:23', 2126.04, 'CAD', 'Nepal', 35.06, 'Completed', '2022-01-18T06:43:22', 'ME', 0),
(290, 'TXN-Y1FCPRM1', 52, 6, '2021-07-14T07:45:43', 6532.49, 'USD', 'Gibraltar', 14.62, 'Completed', '2021-10-23T14:15:07', 'Receive', 1),
(291, 'TXN-BV2VRDCM', 44, 8, '2021-12-30T03:30:01', 9587.3, 'AUD', 'Bhutan', 23.18, 'Failed', '2023-05-07T02:26:32', 'Send', 0),
(292, 'TXN-OC5Z9M5R', 64, 13, '2021-12-27T16:58:22', 2117.47, 'AUD', 'Micronesia', 44.57, 'Cancelled', '2023-02-20T11:41:34', 'Receive', 0),
(293, 'TXN-NK8XLBY1', 47, 25, '2020-03-15T23:43:13', 5237.22, 'INR', 'Thailand', 35.32, 'Completed', '2023-09-22T10:47:03', 'Receive', 1),
(294, 'TXN-NM45YLZ3', 92, 13, '2020-05-28T06:49:06', 9400.07, 'GBP', 'Saint Barthelemy', 33.85, 'Completed', '2021-05-23T09:36:48', 'Send', 0),
(295, 'TXN-SDS7J5PR', 67, 22, '2021-08-22T03:59:56', 2099.18, 'AUD', 'French Guiana', 39.37, 'Pending', '2023-09-11T02:14:21', 'ME', 1),
(296, 'TXN-J7KXMTGB', 14, 10, '2023-11-19T05:30:31', 4534.19, 'EUR', 'Belgium', 3.39, 'Failed', '2020-10-27T01:45:20', 'Send', 1),
(297, 'TXN-7Q5AB9RZ', 48, 1, '2024-06-29T04:25:01', 8656.84, 'EUR', 'Morocco', 30.93, 'Cancelled', '2023-06-18T23:31:11', 'ME', 0),
(298, 'TXN-H7899TUR', 78, 16, '2021-08-15T09:51:19', 8884.76, 'EUR', 'Liberia', 20.67, 'Completed', '2020-03-24T04:47:22', 'Send', 0),
(299, 'TXN-QDQXIMVQ', 16, 23, '2023-12-21T11:19:42', 9787.46, 'AUD', 'Gambia', 27.69, 'Pending', '2020-04-30T09:26:45', 'Send', 1),
(300, 'TXN-8WCAHIQQ', 77, 16, '2021-03-28T12:59:12', 6419.35, 'INR', 'Iceland', 44.47, 'Cancelled', '2020-06-19T06:35:33', 'Send', 1),
(301, 'TXN-2XVDCICG', 43, 2, '2024-03-28T22:41:21', 1970.77, 'USD', 'Bouvet Island (Bouvetoya)', 33.62, 'Cancelled', '2021-05-23T18:44:37', 'Send', 1),
(302, 'TXN-0NIZ9IVT', 36, 8, '2022-11-04T14:17:53', 4196.67, 'GBP', 'Tuvalu', 14.61, 'Pending', '2020-06-17T15:56:10', 'Receive', 0),
(303, 'TXN-FJKVCZBS', 33, 23, '2020-11-17T19:39:12', 8492.08, 'GBP', 'Ghana', 6.89, 'Cancelled', '2023-08-05T14:22:33', 'Send', 0),
(304, 'TXN-WPR9Z0WP', 26, 1, '2024-10-07T14:07:43', 1153.68, 'EUR', 'United States Minor Outlying Islands', 38.41, 'Failed', '2021-02-09T16:48:13', 'Receive', 1),
(305, 'TXN-4J49R4QY', 83, 5, '2024-05-01T02:41:05', 5324.85, 'AUD', 'Puerto Rico', 19.99, 'Cancelled', '2022-09-16T11:01:38', 'Receive', 0),
(306, 'TXN-6AVL0D2Y', 75, 19, '2022-07-16T12:14:40', 5777.15, 'GBP', 'Micronesia', 45.29, 'Failed', '2022-08-01T05:37:40', 'Send', 0),
(307, 'TXN-K87XO5HC', 14, 19, '2021-05-12T17:59:20', 985.24, 'INR', 'Marshall Islands', 1.68, 'Cancelled', '2024-02-22T05:43:51', 'Send', 1),
(308, 'TXN-HBJR6BNB', 29, 25, '2024-01-09T08:19:23', 7159.72, 'EUR', 'Jordan', 26.12, 'Cancelled', '2024-01-03T07:10:05', 'Receive', 1),
(309, 'TXN-DAIBXBCC', 12, 15, '2021-01-05T15:20:55', 5720.95, 'EUR', 'Canada', 9.63, 'Pending', '2023-07-13T08:11:00', 'ME', 1),
(310, 'TXN-KW2L2TBA', 45, 21, '2020-01-19T10:09:43', 1732.15, 'AUD', 'Mali', 8.1, 'Completed', '2021-08-13T16:43:17', 'Receive', 1),
(311, 'TXN-E75R6U7I', 69, 22, '2024-10-31T07:15:34', 5721.56, 'EUR', 'French Polynesia', 27.61, 'Pending', '2024-06-04T00:40:45', 'Receive', 0),
(312, 'TXN-Y6OM1IV1', 5, 11, '2020-06-07T11:21:07', 8738.05, 'EUR', 'Italy', 5.88, 'Pending', '2024-02-03T07:46:08', 'Send', 1),
(313, 'TXN-6XZZNBBW', 48, 3, '2022-11-06T18:19:10', 2869.03, 'USD', 'Austria', 36.88, 'Cancelled', '2024-08-12T07:02:41', 'Receive', 1),
(314, 'TXN-NECF57D8', 64, 11, '2023-04-04T03:22:31', 8922.34, 'GBP', 'Palestinian Territory', 30.08, 'Cancelled', '2022-11-26T18:09:56', 'ME', 1),
(315, 'TXN-QXNYG3FR', 81, 22, '2023-05-24T14:48:40', 6677.09, 'INR', 'Timor-Leste', 31.28, 'Pending', '2023-05-08T04:37:25', 'Send', 1),
(316, 'TXN-3YG1W2W2', 61, 13, '2023-12-20T12:03:30', 9287.53, 'INR', 'El Salvador', 16.53, 'Completed', '2021-11-02T00:02:48', 'Receive', 1),
(317, 'TXN-OVNZS3IN', 93, 22, '2022-01-06T16:52:53', 420.96, 'INR', 'Saint Kitts and Nevis', 13.97, 'Cancelled', '2020-08-21T18:41:11', 'Receive', 0),
(318, 'TXN-46E907Y8', 12, 18, '2020-02-07T21:58:24', 9848.23, 'EUR', 'Qatar', 25.68, 'Cancelled', '2021-03-22T16:32:05', 'ME', 1),
(319, 'TXN-JX4UAQY4', 78, 5, '2022-06-22T22:01:18', 899.12, 'USD', 'Myanmar', 45.31, 'Cancelled', '2022-06-15T06:52:37', 'Receive', 1),
(320, 'TXN-U7I31XED', 49, 8, '2023-09-17T05:23:44', 3818.97, 'EUR', 'France', 44.01, 'Failed', '2022-03-30T02:14:26', 'ME', 1),
(321, 'TXN-R5Z3FSP1', 28, 16, '2020-06-21T19:36:26', 4883.13, 'CAD', 'Palestinian Territory', 42.74, 'Pending', '2021-05-01T16:11:02', 'Receive', 0),
(322, 'TXN-34NU3WVZ', 81, 3, '2024-02-09T14:05:19', 2564.03, 'EUR', 'Dominican Republic', 23.15, 'Completed', '2020-03-05T01:12:28', 'Send', 1),
(323, 'TXN-9AW7JO5T', 28, 22, '2024-09-10T15:31:37', 4478.43, 'USD', 'New Caledonia', 48.08, 'Pending', '2024-10-05T01:07:50', 'Send', 0),
(324, 'TXN-TV06KSP5', 54, 5, '2023-11-08T00:18:52', 4050.13, 'AUD', 'Honduras', 16.9, 'Failed', '2021-01-09T23:44:10', 'ME', 1),
(325, 'TXN-T3C3UPIT', 17, 7, '2024-01-11T09:34:39', 6832.32, 'CAD', 'Sudan', 42.22, 'Cancelled', '2024-02-04T01:44:16', 'Receive', 1),
(326, 'TXN-Q6DW77WL', 91, 15, '2023-09-17T17:58:24', 990.36, 'AUD', 'British Virgin Islands', 37.95, 'Completed', '2023-01-13T22:13:49', 'ME', 1),
(327, 'TXN-IKH3FVDS', 87, 20, '2024-11-20T03:22:58', 7417.77, 'EUR', 'Niue', 35.71, 'Cancelled', '2020-02-16T13:18:10', 'Send', 1),
(328, 'TXN-ZGZOTBMO', 78, 9, '2023-09-20T18:17:53', 7932.96, 'AUD', 'Chile', 33.19, 'Completed', '2021-12-19T06:35:00', 'ME', 1),
(329, 'TXN-8ZDBARB8', 65, 13, '2021-04-15T08:54:37', 8911.77, 'CAD', 'Saint Vincent and the Grenadines', 14.12, 'Failed', '2023-05-08T01:43:36', 'Receive', 0),
(330, 'TXN-26GEMRMN', 67, 12, '2020-10-22T05:18:37', 3815.8, 'EUR', 'Montserrat', 28.43, 'Pending', '2021-12-27T22:24:48', 'Send', 0),
(331, 'TXN-4JK5OGLC', 20, 5, '2020-12-31T15:58:30', 7788.13, 'AUD', 'Haiti', 35.92, 'Failed', '2021-06-07T11:53:44', 'ME', 0),
(332, 'TXN-KTBZZN6H', 39, 1, '2023-06-11T19:27:09', 5001.78, 'USD', 'Saint Helena', 16.17, 'Cancelled', '2022-03-20T22:54:47', 'ME', 0),
(333, 'TXN-5SIIYJZG', 22, 20, '2021-09-29T15:42:10', 3107.73, 'INR', 'Monaco', 16.55, 'Pending', '2020-06-05T21:29:18', 'Send', 0),
(334, 'TXN-TJ6UDGWH', 8, 19, '2021-03-02T17:17:02', 6272.69, 'CAD', 'Gambia', 10.87, 'Failed', '2023-12-29T11:34:30', 'Send', 0),
(335, 'TXN-NDVV4GZD', 76, 9, '2022-10-18T15:38:58', 9934.88, 'GBP', 'Chad', 29.2, 'Cancelled', '2022-08-21T10:19:03', 'ME', 0),
(336, 'TXN-4B53K1TR', 92, 17, '2023-11-17T01:19:37', 608.75, 'USD', 'Montenegro', 16.13, 'Pending', '2022-06-09T06:39:56', 'Receive', 1),
(337, 'TXN-4MCGP14Q', 70, 12, '2020-06-04T17:49:59', 6087.02, 'EUR', 'Solomon Islands', 8.03, 'Cancelled', '2021-01-06T03:28:46', 'ME', 1),
(338, 'TXN-IG7EV7HT', 29, 24, '2022-09-04T17:40:52', 9769.76, 'INR', 'Madagascar', 4.24, 'Pending', '2020-08-02T03:20:37', 'ME', 0),
(339, 'TXN-99IXLAQ9', 27, 3, '2021-11-17T21:06:26', 8204.11, 'EUR', 'Kyrgyz Republic', 22.61, 'Pending', '2021-10-20T04:06:26', 'Send', 0),
(340, 'TXN-1R2WFUHB', 7, 20, '2021-01-08T00:13:51', 5456.1, 'GBP', 'Saint Lucia', 11.55, 'Pending', '2023-04-20T20:35:05', 'Receive', 1),
(341, 'TXN-1DQ56VRJ', 1, 3, '2024-08-05T02:58:10', 7328.2, 'CAD', 'San Marino', 18.71, 'Pending', '2024-09-15T11:31:52', 'Receive', 0),
(342, 'TXN-XJSHI9B3', 9, 17, '2022-07-21T07:05:26', 2539.65, 'USD', 'Mauritania', 15.91, 'Cancelled', '2024-02-22T04:04:15', 'Receive', 0),
(343, 'TXN-KXGRZ4OO', 49, 5, '2024-03-02T02:49:53', 2708.44, 'EUR', 'Greece', 36.56, 'Cancelled', '2023-07-01T22:17:41', 'ME', 0),
(344, 'TXN-IIFUL6M0', 33, 16, '2022-05-10T20:17:40', 8602.95, 'CAD', 'Cambodia', 15.72, 'Pending', '2020-07-08T18:03:44', 'ME', 0),
(345, 'TXN-8ORXR3EH', 63, 23, '2020-06-26T19:04:45', 7012.34, 'EUR', 'Sudan', 27.67, 'Failed', '2020-06-13T16:06:22', 'Receive', 1),
(346, 'TXN-XMXWHZ36', 38, 20, '2023-09-24T15:28:03', 610.53, 'CAD', 'Romania', 30.63, 'Cancelled', '2020-08-07T15:11:30', 'ME', 1),
(347, 'TXN-E8XCUWAQ', 74, 21, '2021-03-02T21:43:24', 4445.84, 'GBP', 'French Polynesia', 25.15, 'Cancelled', '2022-07-27T14:31:50', 'Receive', 0),
(348, 'TXN-1BAO2BNE', 44, 5, '2020-05-16T05:14:56', 4343.82, 'CAD', 'Togo', 43.3, 'Cancelled', '2020-01-24T15:54:49', 'Send', 1),
(349, 'TXN-QNGQSMM0', 37, 8, '2024-07-17T19:25:48', 8326.11, 'AUD', 'Gambia', 9.66, 'Failed', '2023-04-19T08:39:43', 'Send', 0),
(350, 'TXN-VN771855', 40, 4, '2021-12-31T05:33:01', 965.97, 'AUD', 'Monaco', 17.81, 'Completed', '2024-06-27T08:52:55', 'Receive', 0),
(351, 'TXN-VWTAQMJK', 38, 22, '2022-03-02T06:11:20', 612.28, 'INR', 'Israel', 30.32, 'Cancelled', '2022-01-10T23:33:41', 'Receive', 0),
(352, 'TXN-88QTCO8U', 6, 14, '2024-12-18T02:44:01', 2835.86, 'INR', 'Uzbekistan', 9.33, 'Completed', '2022-09-07T02:42:55', 'Receive', 0),
(353, 'TXN-RG93CZL5', 35, 9, '2020-10-20T09:15:51', 6731.91, 'USD', 'Iraq', 49.36, 'Failed', '2021-05-10T06:32:48', 'Receive', 1),
(354, 'TXN-GZ79DLXA', 3, 4, '2023-12-27T10:05:01', 9781.96, 'INR', 'Comoros', 10.39, 'Cancelled', '2022-11-27T02:49:54', 'ME', 0),
(355, 'TXN-5F255EVI', 100, 13, '2023-08-03T05:28:43', 9007.41, 'EUR', 'Philippines', 28.83, 'Completed', '2020-03-16T09:09:19', 'ME', 1),
(356, 'TXN-D0ML927V', 77, 22, '2023-04-22T13:16:09', 1318.92, 'INR', 'Greece', 34.95, 'Cancelled', '2024-10-29T20:07:40', 'Receive', 1),
(357, 'TXN-NDW69L0K', 95, 8, '2022-11-06T06:48:43', 1929.12, 'EUR', 'Burundi', 31.51, 'Completed', '2022-06-23T06:33:14', 'Receive', 0),
(358, 'TXN-CBCPLZKH', 69, 5, '2024-05-23T09:39:26', 9918.6, 'EUR', 'Malta', 4.71, 'Pending', '2021-03-23T01:45:53', 'Send', 0),
(359, 'TXN-4DQOWWN8', 25, 10, '2020-08-20T17:40:02', 726.25, 'USD', 'Turkmenistan', 35.8, 'Completed', '2021-02-13T14:58:38', 'Receive', 0),
(360, 'TXN-BB9BVN2O', 41, 10, '2021-09-14T08:40:50', 2203.14, 'GBP', 'Turks and Caicos Islands', 39.75, 'Pending', '2022-07-24T06:12:09', 'Receive', 0),
(361, 'TXN-P0TF2A2A', 94, 21, '2022-01-24T06:02:11', 2616.73, 'USD', 'Brunei Darussalam', 38.72, 'Cancelled', '2021-01-01T04:55:37', 'ME', 1),
(362, 'TXN-WBKORH3A', 13, 6, '2024-11-18T17:01:21', 1945.63, 'GBP', 'Haiti', 30.39, 'Failed', '2022-03-25T12:35:51', 'ME', 0),
(363, 'TXN-2CRPOGPB', 22, 10, '2022-09-21T10:14:45', 3942.4, 'USD', 'Oman', 5.63, 'Failed', '2020-11-10T18:37:02', 'Send', 1),
(364, 'TXN-AWIGYT4O', 11, 20, '2020-12-03T06:54:42', 3356.23, 'GBP', 'Namibia', 24.76, 'Failed', '2024-08-20T07:00:09', 'Send', 0),
(365, 'TXN-78D09U52', 89, 10, '2024-05-19T05:55:38', 500.32, 'EUR', 'Monaco', 12.46, 'Pending', '2021-05-08T21:23:56', 'Receive', 1),
(366, 'TXN-VE7NGNGD', 26, 20, '2022-07-31T11:11:05', 1117.3, 'GBP', 'Saint Vincent and the Grenadines', 12.5, 'Cancelled', '2020-01-21T20:27:06', 'ME', 1),
(367, 'TXN-3GE8PECR', 60, 19, '2024-09-12T03:48:49', 3388.27, 'USD', 'Lebanon', 6.58, 'Failed', '2020-06-16T00:57:19', 'ME', 0),
(368, 'TXN-W3W3AG4I', 44, 9, '2021-03-03T16:21:52', 4543.29, 'USD', 'Bosnia and Herzegovina', 31.39, 'Pending', '2021-11-02T20:22:44', 'ME', 0),
(369, 'TXN-QREPK526', 49, 4, '2022-11-24T07:02:57', 2962.12, 'GBP', 'Swaziland', 36.33, 'Cancelled', '2020-04-16T21:20:14', 'Receive', 0),
(370, 'TXN-SQSP7QQ1', 33, 16, '2023-09-30T10:19:23', 2878.84, 'EUR', 'Iran', 1.74, 'Failed', '2022-05-14T11:43:30', 'Receive', 0),
(371, 'TXN-W5HR6DY1', 27, 24, '2021-05-12T17:19:16', 1843.43, 'EUR', 'Albania', 48.4, 'Cancelled', '2022-04-30T23:57:48', 'Receive', 0),
(372, 'TXN-2WHTXVHC', 6, 12, '2022-11-03T00:20:04', 773.66, 'AUD', 'Portugal', 35.89, 'Failed', '2020-01-23T07:41:32', 'Receive', 1),
(373, 'TXN-9P9H5RK6', 43, 7, '2020-07-22T07:47:41', 7864.71, 'USD', 'Andorra', 16.87, 'Completed', '2020-07-30T02:29:37', 'Receive', 0),
(374, 'TXN-YH8YEPAQ', 97, 10, '2023-10-08T06:58:53', 688.8, 'EUR', 'Cocos (Keeling) Islands', 19.89, 'Cancelled', '2023-09-11T23:56:54', 'Send', 0),
(375, 'TXN-96JOE742', 57, 10, '2021-04-29T18:30:48', 7373.19, 'USD', 'Guatemala', 42.22, 'Failed', '2020-08-11T21:52:08', 'ME', 1),
(376, 'TXN-9J1FN2FR', 85, 13, '2022-12-29T14:29:23', 8474.18, 'EUR', 'Georgia', 44.4, 'Failed', '2022-12-03T01:26:50', 'Send', 0),
(377, 'TXN-38L5MTYT', 13, 10, '2023-07-07T08:43:23', 8773.39, 'INR', 'Trinidad and Tobago', 48.18, 'Completed', '2024-12-12T17:52:26', 'ME', 0),
(378, 'TXN-0028SRBF', 31, 5, '2022-01-01T13:14:16', 5362.06, 'INR', 'Niger', 10.63, 'Cancelled', '2024-05-05T15:14:58', 'ME', 0),
(379, 'TXN-QXBKHOL3', 28, 3, '2020-08-21T23:52:44', 2306.88, 'GBP', 'Korea', 13.27, 'Failed', '2024-04-21T09:37:07', 'Receive', 1),
(380, 'TXN-EAXWLV27', 56, 13, '2024-04-23T12:07:02', 5339.57, 'EUR', 'Puerto Rico', 6.96, 'Pending', '2020-02-29T23:15:01', 'ME', 1),
(381, 'TXN-FV3YFS8Q', 47, 20, '2020-07-06T17:24:36', 4629.21, 'INR', 'Hong Kong', 8.68, 'Failed', '2021-07-14T12:13:28', 'Receive', 1),
(382, 'TXN-6F7T38UB', 63, 17, '2020-05-27T05:51:56', 2217.5, 'USD', 'Bahrain', 18.75, 'Completed', '2020-06-02T08:22:27', 'ME', 0),
(383, 'TXN-KDMV1QWE', 7, 4, '2023-07-12T03:55:49', 6334.92, 'EUR', 'Latvia', 21.31, 'Failed', '2022-12-28T09:39:20', 'Send', 1),
(384, 'TXN-ONQTRDFH', 38, 21, '2021-11-29T16:27:58', 406.05, 'USD', 'Solomon Islands', 40.59, 'Cancelled', '2024-10-03T18:40:20', 'ME', 1),
(385, 'TXN-0PIRS4PT', 67, 1, '2024-10-24T14:07:55', 306.56, 'INR', 'Czech Republic', 5.36, 'Failed', '2024-10-17T04:13:46', 'Send', 0),
(386, 'TXN-K6G78FU4', 33, 16, '2020-07-28T12:43:26', 2596.82, 'AUD', 'Saint Helena', 46.4, 'Completed', '2024-10-06T07:52:56', 'Send', 1),
(387, 'TXN-0J6XYR9Y', 76, 4, '2020-05-13T15:30:55', 2601.06, 'EUR', 'Greenland', 41.93, 'Cancelled', '2020-02-21T02:42:18', 'ME', 0),
(388, 'TXN-71BERG1T', 41, 2, '2022-02-12T13:47:19', 6045.28, 'USD', 'Equatorial Guinea', 4.03, 'Completed', '2023-08-16T01:55:28', 'Receive', 0),
(389, 'TXN-0P31N1LX', 93, 16, '2021-01-12T04:44:06', 7657.3, 'EUR', 'Bouvet Island (Bouvetoya)', 34.48, 'Cancelled', '2023-08-05T10:36:03', 'Receive', 1),
(390, 'TXN-VFRUXYLT', 40, 1, '2024-06-23T04:04:12', 5698.51, 'INR', 'Chad', 21.43, 'Failed', '2022-08-16T23:11:53', 'Receive', 1),
(391, 'TXN-MRV68DV6', 54, 22, '2023-08-26T03:31:54', 520.77, 'AUD', 'Rwanda', 19.13, 'Failed', '2024-09-17T10:31:20', 'Send', 1),
(392, 'TXN-UAOXBW8R', 74, 11, '2021-05-29T07:24:35', 882.97, 'USD', 'France', 40.62, 'Cancelled', '2023-06-04T11:24:42', 'Send', 1),
(393, 'TXN-UYDZ23ZV', 47, 19, '2021-12-02T08:23:32', 2160.46, 'USD', 'Netherlands Antilles', 44.32, 'Failed', '2021-06-27T19:20:09', 'Send', 1),
(394, 'TXN-GE83YFW5', 3, 5, '2024-03-30T13:20:14', 169.81, 'GBP', 'Sri Lanka', 23.23, 'Cancelled', '2023-12-19T12:15:42', 'Send', 1),
(395, 'TXN-WEMOELER', 73, 21, '2020-07-24T15:34:37', 4681.75, 'AUD', 'Zimbabwe', 37.52, 'Pending', '2020-07-12T10:00:50', 'Receive', 0),
(396, 'TXN-9NM6N1HV', 6, 11, '2022-12-15T14:32:42', 77.5, 'USD', 'Central African Republic', 4.78, 'Pending', '2020-08-11T08:07:21', 'ME', 0),
(397, 'TXN-KG7XV4B1', 5, 5, '2024-07-16T21:31:35', 7959.29, 'INR', 'Chile', 45.01, 'Cancelled', '2022-01-21T13:38:25', 'Receive', 1),
(398, 'TXN-Y43LZOG3', 73, 23, '2024-08-13T15:46:06', 9450.94, 'INR', 'Saint Martin', 38.73, 'Failed', '2024-03-18T22:34:00', 'ME', 1),
(399, 'TXN-ABRNCM4R', 71, 22, '2020-03-19T19:14:04', 8530.66, 'CAD', 'Pakistan', 1.7, 'Completed', '2023-02-19T07:10:20', 'Send', 1),
(400, 'TXN-G1FT8MH1', 13, 14, '2023-12-20T04:19:20', 2058.64, 'USD', 'Micronesia', 20.71, 'Completed', '2021-03-03T03:42:20', 'Receive', 0),
(401, 'TXN-T8CZEV0E', 35, 5, '2020-01-29T04:39:28', 173.2, 'AUD', 'North Macedonia', 6.98, 'Completed', '2024-02-14T21:40:16', 'ME', 0),
(402, 'TXN-T33F9DJ7', 71, 18, '2024-01-18T21:17:34', 637.44, 'INR', 'New Zealand', 34.52, 'Failed', '2020-09-15T18:42:59', 'Receive', 0),
(403, 'TXN-GCXG1Q9B', 29, 17, '2020-10-24T03:47:24', 7361.94, 'GBP', 'Tuvalu', 33.26, 'Cancelled', '2022-02-09T04:14:38', 'Receive', 1),
(404, 'TXN-4E7JMR5V', 32, 25, '2024-08-14T17:47:37', 8818.98, 'USD', 'Jordan', 33.29, 'Completed', '2022-11-07T23:39:19', 'ME', 1),
(405, 'TXN-C8H3HBBG', 14, 13, '2023-12-03T11:08:14', 532.43, 'AUD', 'Lithuania', 8.45, 'Pending', '2024-02-04T05:32:03', 'Receive', 0),
(406, 'TXN-JOA7JT4L', 72, 25, '2023-12-23T16:57:13', 7265.18, 'CAD', 'Bahrain', 46.45, 'Failed', '2024-12-27T00:35:07', 'Send', 0),
(407, 'TXN-MPW9N800', 26, 24, '2022-04-05T19:52:10', 6272.01, 'CAD', 'Italy', 37.91, 'Failed', '2023-12-15T23:07:35', 'ME', 1),
(408, 'TXN-MU99JFGL', 31, 1, '2022-06-25T18:02:04', 2661.52, 'EUR', 'New Zealand', 28.36, 'Cancelled', '2020-04-19T11:56:24', 'Receive', 1),
(409, 'TXN-H48YTI1G', 41, 20, '2021-05-03T19:46:04', 1547.86, 'CAD', 'Guernsey', 9.44, 'Completed', '2023-11-19T06:13:49', 'ME', 0),
(410, 'TXN-VIARSR71', 94, 8, '2021-04-13T05:54:19', 4975.77, 'GBP', 'Cook Islands', 45.16, 'Failed', '2025-01-06T20:47:57', 'ME', 1),
(411, 'TXN-9R17QCLK', 15, 23, '2020-09-07T13:09:28', 5392.44, 'EUR', 'Western Sahara', 23.72, 'Pending', '2022-04-01T07:19:27', 'Send', 1),
(412, 'TXN-Y6PV2K6O', 57, 9, '2024-01-11T07:58:27', 6246.44, 'USD', 'Sao Tome and Principe', 38.68, 'Cancelled', '2023-11-10T03:43:06', 'Receive', 0),
(413, 'TXN-2N5W4UN0', 90, 4, '2022-02-25T23:49:35', 4309.28, 'EUR', 'Slovakia (Slovak Republic)', 40.9, 'Cancelled', '2021-01-13T20:08:40', 'ME', 1),
(414, 'TXN-8YPFXS3W', 78, 17, '2020-07-31T22:55:56', 4565.89, 'AUD', 'Saint Pierre and Miquelon', 49.88, 'Pending', '2021-01-20T14:54:06', 'Receive', 1),
(415, 'TXN-JWAXAL6R', 46, 20, '2022-05-18T09:06:45', 3553.31, 'AUD', 'Malta', 45.59, 'Completed', '2022-06-10T21:15:30', 'Receive', 0),
(416, 'TXN-5ZUCXSDA', 4, 17, '2021-03-13T08:15:19', 6490.58, 'GBP', 'Angola', 42.99, 'Failed', '2020-04-29T01:09:39', 'Send', 1),
(417, 'TXN-LYQUBKHH', 51, 5, '2023-12-03T07:30:19', 2860.37, 'INR', 'Honduras', 33.34, 'Pending', '2021-11-06T07:14:34', 'Receive', 1),
(418, 'TXN-13VI53KO', 95, 17, '2024-07-29T03:14:14', 9351.29, 'INR', 'Equatorial Guinea', 10.3, 'Failed', '2021-10-26T01:39:34', 'Receive', 1),
(419, 'TXN-OV344FNV', 73, 17, '2023-06-03T18:47:47', 892.78, 'AUD', 'Grenada', 36.78, 'Failed', '2023-09-21T10:49:18', 'Receive', 0),
(420, 'TXN-CGCABKZ8', 57, 1, '2023-04-04T03:23:51', 2962.15, 'EUR', 'Moldova', 42.1, 'Completed', '2021-09-09T22:38:47', 'Send', 0),
(421, 'TXN-0DYW0GK4', 100, 15, '2020-10-31T13:11:17', 9685.16, 'INR', 'Norfolk Island', 2.07, 'Completed', '2023-09-25T15:01:11', 'Send', 0),
(422, 'TXN-SMZDFV5P', 95, 25, '2020-03-12T08:26:47', 8750.42, 'INR', 'Poland', 9.21, 'Completed', '2024-10-23T03:36:56', 'Receive', 0),
(423, 'TXN-BBXFK4UY', 43, 2, '2024-11-07T16:04:02', 4839.29, 'AUD', 'Cocos (Keeling) Islands', 26.63, 'Failed', '2024-06-10T07:56:43', 'Send', 0),
(424, 'TXN-XPCMY2PF', 19, 20, '2024-08-30T00:50:11', 2227.66, 'USD', 'United States of America', 27.35, 'Pending', '2023-12-17T22:33:02', 'ME', 0),
(425, 'TXN-UMQW4Q2W', 44, 17, '2024-01-04T00:11:07', 7607.9, 'AUD', 'Korea', 20.0, 'Completed', '2022-07-25T06:39:01', 'Receive', 1),
(426, 'TXN-TZXFMJ3J', 63, 25, '2022-02-21T11:51:30', 1108.8, 'GBP', 'Tunisia', 15.64, 'Failed', '2024-03-26T06:46:36', 'ME', 0),
(427, 'TXN-YXN1BBQC', 60, 18, '2023-05-16T12:37:26', 2335.34, 'EUR', 'Chad', 31.26, 'Cancelled', '2020-06-28T02:59:56', 'ME', 0),
(428, 'TXN-JBSV5QZ4', 14, 13, '2023-04-11T17:37:46', 7340.47, 'USD', 'Portugal', 38.28, 'Completed', '2020-09-22T13:40:05', 'Send', 1),
(429, 'TXN-I6N38L5E', 16, 10, '2024-11-21T05:29:42', 226.7, 'AUD', 'Paraguay', 1.13, 'Failed', '2020-12-20T07:04:52', 'Receive', 0),
(430, 'TXN-JIH57Z1G', 11, 15, '2023-09-22T11:10:51', 9660.98, 'GBP', 'Puerto Rico', 6.5, 'Pending', '2020-08-20T03:32:40', 'Receive', 0),
(431, 'TXN-59IJQVPL', 94, 17, '2021-07-24T12:36:36', 7889.01, 'GBP', 'Guernsey', 22.83, 'Failed', '2021-01-21T15:38:18', 'Send', 1),
(432, 'TXN-59O0NSZB', 97, 5, '2024-04-17T00:34:04', 4160.46, 'EUR', 'Singapore', 41.82, 'Failed', '2021-11-13T06:16:18', 'Send', 1),
(433, 'TXN-T0K16RUX', 27, 22, '2020-12-21T17:24:50', 2148.47, 'CAD', 'Chad', 40.91, 'Pending', '2021-07-20T10:42:42', 'Receive', 1),
(434, 'TXN-JAL1JBZC', 23, 21, '2024-09-19T06:08:00', 1159.31, 'GBP', 'Guam', 36.97, 'Pending', '2020-12-16T06:56:35', 'ME', 0),
(435, 'TXN-JP7SD2UD', 83, 25, '2021-09-14T18:25:03', 3931.07, 'USD', 'Cayman Islands', 36.71, 'Cancelled', '2023-02-20T15:42:19', 'Send', 0),
(436, 'TXN-UXDVL19X', 81, 9, '2023-03-07T03:37:35', 1066.18, 'GBP', 'Syrian Arab Republic', 38.92, 'Pending', '2024-01-20T23:01:33', 'Receive', 1),
(437, 'TXN-7RM25F98', 44, 2, '2022-03-28T13:56:52', 8442.12, 'USD', 'Sudan', 36.11, 'Pending', '2023-09-07T03:59:39', 'ME', 1),
(438, 'TXN-OF6PKTSS', 91, 11, '2024-03-24T11:29:38', 6274.36, 'INR', 'Bermuda', 35.4, 'Completed', '2023-06-08T10:57:01', 'Send', 0),
(439, 'TXN-UWDPBI2X', 91, 17, '2021-06-17T00:02:44', 7048.59, 'AUD', 'Canada', 48.61, 'Pending', '2020-09-30T04:41:35', 'ME', 1),
(440, 'TXN-7034W80Y', 26, 13, '2021-03-21T18:53:54', 2388.25, 'USD', 'Turkey', 4.16, 'Completed', '2024-12-14T19:38:08', 'ME', 1),
(441, 'TXN-O8UWDUPQ', 2, 17, '2024-06-23T14:48:00', 2628.54, 'AUD', 'Mauritius', 23.11, 'Pending', '2021-10-15T15:08:54', 'ME', 0),
(442, 'TXN-OS5Q179B', 95, 12, '2023-12-23T01:48:10', 7038.99, 'AUD', 'Christmas Island', 25.06, 'Pending', '2022-02-04T17:38:16', 'Send', 0),
(443, 'TXN-HIGYGT75', 45, 4, '2023-02-14T10:34:34', 1626.25, 'EUR', 'Jamaica', 31.48, 'Pending', '2021-05-12T14:56:00', 'ME', 1),
(444, 'TXN-6ES8OOW7', 57, 22, '2023-04-18T21:08:01', 754.19, 'CAD', 'Hong Kong', 35.08, 'Completed', '2023-10-27T17:59:00', 'Receive', 1),
(445, 'TXN-WCCDNHVD', 82, 12, '2022-11-20T10:52:06', 8053.37, 'EUR', 'Bangladesh', 20.68, 'Completed', '2024-10-28T19:32:17', 'Receive', 1),
(446, 'TXN-OECH8JQL', 84, 6, '2021-08-06T17:12:47', 318.19, 'AUD', 'Estonia', 22.77, 'Completed', '2023-09-24T16:23:08', 'Receive', 0),
(447, 'TXN-C7VW3X3D', 45, 6, '2021-05-01T14:15:51', 3280.99, 'AUD', 'Ivory Coast', 18.56, 'Completed', '2021-09-04T03:19:43', 'ME', 1),
(448, 'TXN-S6DSO2VD', 71, 22, '2023-10-18T10:37:02', 9979.06, 'GBP', 'Thailand', 33.95, 'Cancelled', '2023-11-12T02:06:05', 'ME', 0),
(449, 'TXN-8LG6NKCP', 45, 25, '2021-06-17T08:15:57', 3235.03, 'USD', 'Antigua and Barbuda', 33.51, 'Failed', '2020-12-30T20:01:31', 'ME', 1),
(450, 'TXN-TH98N8KR', 52, 4, '2023-08-31T09:28:29', 1295.2, 'USD', 'Samoa', 5.97, 'Cancelled', '2022-09-18T10:53:16', 'Receive', 0),
(451, 'TXN-RSRYP9CF', 44, 13, '2020-02-21T18:36:04', 2640.51, 'INR', 'Guam', 47.78, 'Failed', '2020-03-21T08:17:29', 'Receive', 1),
(452, 'TXN-YY7D0MC6', 23, 9, '2020-06-14T22:11:01', 1784.51, 'GBP', 'Romania', 19.93, 'Cancelled', '2020-08-26T13:02:04', 'Send', 1),
(453, 'TXN-70LGBAX3', 46, 22, '2022-05-20T13:48:36', 4957.71, 'USD', 'Myanmar', 35.18, 'Pending', '2024-10-18T16:40:33', 'ME', 0),
(454, 'TXN-4WL3UZIT', 87, 14, '2021-08-11T17:14:42', 7535.55, 'GBP', 'Timor-Leste', 4.83, 'Completed', '2021-01-09T13:07:57', 'Receive', 0),
(455, 'TXN-12IV42LX', 90, 1, '2023-08-31T11:23:33', 9588.62, 'AUD', 'Vanuatu', 24.41, 'Failed', '2023-10-18T07:51:40', 'ME', 1),
(456, 'TXN-CNU429GM', 94, 20, '2023-04-13T09:05:16', 8929.59, 'USD', 'Malta', 33.7, 'Pending', '2022-10-25T13:36:58', 'ME', 1),
(457, 'TXN-GPFUHQCL', 36, 13, '2023-08-27T08:24:04', 2681.49, 'GBP', 'Guadeloupe', 22.99, 'Pending', '2020-01-29T18:39:16', 'Send', 0),
(458, 'TXN-JB3K0CJD', 62, 4, '2021-09-05T22:43:40', 1924.34, 'INR', 'Heard Island and McDonald Islands', 23.63, 'Cancelled', '2024-11-10T09:53:35', 'Receive', 1),
(459, 'TXN-12S0Y9W8', 98, 5, '2022-11-13T23:53:00', 7229.77, 'AUD', 'Zimbabwe', 4.78, 'Cancelled', '2024-07-19T17:06:47', 'ME', 0),
(460, 'TXN-PAE86DHV', 47, 22, '2020-12-09T22:24:05', 1764.33, 'INR', 'Holy See (Vatican City State)', 6.27, 'Failed', '2021-11-05T06:57:32', 'Receive', 0),
(461, 'TXN-4JGD06ZM', 24, 8, '2024-10-04T20:51:13', 2045.95, 'AUD', 'British Virgin Islands', 48.1, 'Cancelled', '2023-09-22T03:45:24', 'ME', 1),
(462, 'TXN-MYHH67LX', 38, 9, '2022-03-20T05:57:27', 5298.18, 'EUR', 'Timor-Leste', 1.5, 'Pending', '2023-06-03T19:11:55', 'Send', 1),
(463, 'TXN-ON315QGO', 42, 6, '2021-10-09T23:06:32', 920.54, 'USD', 'Montserrat', 4.91, 'Failed', '2022-04-30T08:09:39', 'ME', 0),
(464, 'TXN-C54EGL95', 46, 2, '2021-03-20T16:58:11', 8314.41, 'INR', 'Bahamas', 9.89, 'Completed', '2023-09-01T14:42:16', 'Send', 1),
(465, 'TXN-Z2WIT0DV', 20, 20, '2022-02-11T14:55:14', 810.74, 'AUD', 'Bosnia and Herzegovina', 1.7, 'Pending', '2023-08-13T11:54:11', 'ME', 1),
(466, 'TXN-ORB3BH84', 60, 6, '2024-10-26T10:15:17', 2668.11, 'AUD', 'Mauritius', 17.3, 'Failed', '2022-09-02T07:05:45', 'Send', 1),
(467, 'TXN-08HOM5EV', 66, 17, '2023-10-25T17:26:06', 478.79, 'USD', 'Tuvalu', 38.83, 'Pending', '2024-05-06T00:28:01', 'Receive', 0),
(468, 'TXN-5R4QKA3Q', 68, 24, '2024-08-09T10:31:15', 5274.98, 'EUR', 'Nauru', 19.34, 'Failed', '2021-12-27T16:06:14', 'Send', 1),
(469, 'TXN-5UA7CP3H', 92, 1, '2022-04-01T11:59:48', 1362.1, 'EUR', 'Bahrain', 33.12, 'Pending', '2020-07-26T13:08:31', 'Receive', 1),
(470, 'TXN-2WWYAQK2', 5, 21, '2022-08-12T16:12:54', 4704.47, 'INR', 'Burkina Faso', 31.64, 'Failed', '2021-11-25T23:42:02', 'ME', 0),
(471, 'TXN-V9MRHX98', 47, 17, '2022-03-30T15:26:44', 3483.08, 'INR', 'Austria', 24.27, 'Cancelled', '2022-05-25T14:34:53', 'Receive', 0),
(472, 'TXN-PA4SGP83', 100, 10, '2022-07-20T20:49:35', 4955.86, 'EUR', 'Lebanon', 46.14, 'Cancelled', '2021-08-21T06:56:19', 'Send', 1),
(473, 'TXN-F7JPR4IW', 65, 14, '2022-03-02T07:20:17', 9758.06, 'GBP', 'Cyprus', 17.21, 'Completed', '2021-06-29T00:31:09', 'ME', 1),
(474, 'TXN-FS6V3NGS', 26, 19, '2022-02-06T08:49:50', 1120.58, 'AUD', 'Botswana', 44.29, 'Pending', '2020-03-21T21:54:18', 'Send', 1),
(475, 'TXN-JZNJKSE3', 82, 2, '2023-07-05T10:55:55', 588.23, 'AUD', 'North Macedonia', 17.13, 'Cancelled', '2020-07-25T04:53:40', 'Send', 1),
(476, 'TXN-WKMGZFBH', 85, 10, '2023-02-25T23:11:31', 6388.34, 'USD', 'Malawi', 2.73, 'Cancelled', '2021-02-04T04:50:25', 'Receive', 1),
(477, 'TXN-229Y0IQU', 99, 13, '2024-12-21T23:05:10', 7260.81, 'AUD', 'Saint Helena', 1.11, 'Pending', '2020-06-26T08:21:54', 'Receive', 0),
(478, 'TXN-FTLJY8X4', 100, 3, '2020-08-20T09:33:05', 7946.35, 'CAD', 'Aruba', 17.08, 'Cancelled', '2023-10-26T04:06:09', 'Receive', 0),
(479, 'TXN-UG17S502', 18, 14, '2023-02-17T16:53:05', 4659.73, 'USD', 'Palau', 31.91, 'Cancelled', '2023-02-01T17:59:26', 'Send', 1),
(480, 'TXN-KOW2PKIH', 14, 25, '2023-11-12T05:57:54', 4592.14, 'GBP', 'Slovakia (Slovak Republic)', 20.05, 'Completed', '2024-02-04T05:37:01', 'ME', 0),
(481, 'TXN-UD2R043G', 25, 25, '2023-07-19T19:21:14', 398.55, 'AUD', 'Guinea', 4.17, 'Cancelled', '2021-05-03T03:58:04', 'Receive', 1),
(482, 'TXN-YKX1PMNQ', 97, 13, '2024-03-22T23:34:59', 6142.04, 'USD', 'French Polynesia', 45.95, 'Cancelled', '2023-12-02T12:06:16', 'ME', 1),
(483, 'TXN-YPON7WX9', 84, 20, '2020-10-17T19:14:31', 9899.69, 'INR', 'Norway', 12.29, 'Completed', '2022-01-28T10:28:02', 'ME', 0),
(484, 'TXN-4DVQAW83', 63, 14, '2020-04-06T07:20:23', 5153.49, 'CAD', 'Saint Helena', 1.53, 'Pending', '2020-12-04T07:04:11', 'Receive', 1),
(485, 'TXN-RGY3NJRH', 73, 22, '2023-06-22T18:31:41', 4836.21, 'GBP', 'Russian Federation', 35.97, 'Completed', '2024-04-23T18:47:41', 'Send', 1),
(486, 'TXN-NDFRMVM4', 56, 7, '2023-11-22T10:22:25', 2317.61, 'CAD', 'Tajikistan', 1.65, 'Failed', '2022-08-02T22:49:02', 'Send', 1),
(487, 'TXN-GRDI8ES5', 81, 23, '2023-10-06T23:21:22', 4644.63, 'USD', 'Libyan Arab Jamahiriya', 12.7, 'Failed', '2021-04-29T03:36:49', 'Send', 1),
(488, 'TXN-VEHSSLCK', 62, 8, '2022-04-05T11:09:49', 9849.52, 'AUD', 'Nigeria', 33.24, 'Cancelled', '2020-12-13T21:56:49', 'ME', 0),
(489, 'TXN-BIT11FSV', 52, 17, '2021-11-17T19:06:09', 7830.49, 'AUD', 'Myanmar', 30.18, 'Failed', '2020-08-30T22:54:08', 'ME', 1),
(490, 'TXN-Q3B71Y95', 91, 6, '2021-08-10T08:51:10', 4133.71, 'GBP', 'South Africa', 2.06, 'Failed', '2023-01-18T23:28:00', 'Receive', 0),
(491, 'TXN-97I7GL7L', 42, 19, '2022-04-30T09:15:54', 9945.6, 'INR', 'Albania', 29.27, 'Failed', '2022-11-27T23:38:18', 'Receive', 0),
(492, 'TXN-Y9NYNDK2', 48, 3, '2021-12-07T10:41:34', 7242.04, 'AUD', 'Burkina Faso', 11.28, 'Completed', '2021-08-12T05:52:27', 'ME', 0),
(493, 'TXN-Y6SZ8QBS', 89, 24, '2024-07-11T16:35:12', 3914.24, 'CAD', 'Myanmar', 2.71, 'Failed', '2024-04-16T00:13:29', 'Receive', 0),
(494, 'TXN-G06LVKN7', 28, 6, '2022-02-11T13:41:52', 3509.84, 'AUD', 'Australia', 13.69, 'Completed', '2022-05-09T07:26:22', 'ME', 0),
(495, 'TXN-DK5PFU52', 8, 18, '2020-10-09T00:41:04', 1858.18, 'GBP', 'Guernsey', 29.47, 'Cancelled', '2020-03-06T01:25:51', 'Receive', 0),
(496, 'TXN-FU4TM1YB', 20, 25, '2023-05-04T16:48:02', 4773.35, 'EUR', 'Thailand', 22.36, 'Failed', '2021-01-08T12:43:11', 'Send', 0),
(497, 'TXN-E4C61PIX', 38, 22, '2022-03-14T23:58:33', 6374.08, 'GBP', 'North Macedonia', 13.89, 'Failed', '2021-04-26T19:39:01', 'ME', 1),
(498, 'TXN-89JTCQMV', 73, 8, '2021-10-04T07:42:01', 8349.15, 'AUD', 'Serbia', 38.5, 'Pending', '2020-07-16T17:31:13', 'Send', 0),
(499, 'TXN-SSX4M6M3', 19, 2, '2020-01-30T16:05:07', 7674.01, 'INR', 'Barbados', 41.28, 'Failed', '2022-06-07T11:27:03', 'Send', 0),
(500, 'TXN-F2OJO2G9', 3, 8, '2024-10-20T02:07:01', 7440.59, 'AUD', 'Nepal', 39.59, 'Completed', '2024-06-08T05:28:03', 'Send', 1),
(501, 'TXN-CI86LSMM', 8, 14, '2021-10-24T14:32:52', 4399.03, 'CAD', 'Colombia', 28.39, 'Cancelled', '2022-06-15T21:29:25', 'Send', 1),
(502, 'TXN-8YD54IE6', 79, 20, '2022-10-11T15:50:16', 3101.55, 'GBP', 'Kazakhstan', 34.33, 'Completed', '2022-02-26T13:06:28', 'Send', 0),
(503, 'TXN-YQIQZ6CT', 55, 16, '2021-03-19T15:33:00', 9321.18, 'INR', 'Brazil', 12.02, 'Pending', '2024-12-01T08:21:52', 'Send', 1),
(504, 'TXN-4E2EZZNU', 10, 9, '2023-04-07T13:38:02', 7616.89, 'INR', 'South Georgia and the South Sandwich Islands', 26.08, 'Cancelled', '2022-11-30T14:40:14', 'ME', 0),
(505, 'TXN-W8ZZVYOH', 87, 11, '2024-04-05T14:30:37', 4837.82, 'INR', 'Uruguay', 38.37, 'Failed', '2024-12-21T20:43:21', 'Send', 0),
(506, 'TXN-XQ1XYIMN', 27, 23, '2023-04-02T03:51:33', 5874.7, 'USD', 'Rwanda', 16.34, 'Failed', '2023-01-16T11:16:10', 'Receive', 1),
(507, 'TXN-XD4O9930', 75, 14, '2021-10-12T21:31:02', 7776.7, 'INR', 'Palau', 48.46, 'Pending', '2023-03-03T11:57:07', 'ME', 1),
(508, 'TXN-45KEPPVU', 94, 2, '2023-04-20T15:01:42', 680.12, 'USD', 'Lithuania', 3.57, 'Cancelled', '2024-11-18T03:09:18', 'Send', 0),
(509, 'TXN-VOFNF3IO', 71, 8, '2021-02-03T14:20:20', 4665.97, 'USD', 'Papua New Guinea', 30.6, 'Failed', '2020-07-02T04:46:51', 'Receive', 0),
(510, 'TXN-U72L2AJY', 76, 16, '2022-02-14T00:13:10', 3996.94, 'CAD', 'Kyrgyz Republic', 38.23, 'Failed', '2021-05-26T22:46:50', 'Send', 0),
(511, 'TXN-KLHZZJWG', 79, 3, '2023-01-03T17:04:18', 8506.8, 'INR', 'Kenya', 45.72, 'Pending', '2023-05-09T21:37:48', 'Send', 1),
(512, 'TXN-CXJ7JRRZ', 38, 24, '2021-09-20T20:41:36', 2293.51, 'AUD', 'Zimbabwe', 20.49, 'Completed', '2022-02-22T19:57:30', 'Receive', 0),
(513, 'TXN-O888J7YH', 64, 10, '2023-01-24T16:25:24', 3518.27, 'EUR', 'Micronesia', 47.66, 'Cancelled', '2022-04-25T12:05:22', 'Send', 0),
(514, 'TXN-TQ3NQWUU', 8, 25, '2023-02-20T23:33:40', 7905.43, 'EUR', 'Morocco', 23.03, 'Failed', '2022-11-30T18:29:27', 'ME', 0),
(515, 'TXN-2Z5ITANO', 8, 23, '2022-05-13T19:14:13', 9374.75, 'CAD', 'Burkina Faso', 17.52, 'Failed', '2021-10-19T08:52:23', 'ME', 0),
(516, 'TXN-P6Z1I1XR', 31, 7, '2020-12-29T19:45:00', 1595.49, 'CAD', 'Georgia', 37.15, 'Failed', '2024-06-07T23:58:24', 'Receive', 0),
(517, 'TXN-PPIAN9WG', 76, 22, '2024-02-17T12:05:48', 1405.44, 'USD', 'Ireland', 44.98, 'Completed', '2020-05-30T00:56:53', 'Send', 0),
(518, 'TXN-9TRLLZ5L', 85, 16, '2024-12-16T04:36:27', 9717.79, 'AUD', 'Lao People Democratic Republic', 32.43, 'Cancelled', '2024-07-21T09:17:09', 'ME', 0),
(519, 'TXN-WOVFB8TF', 2, 20, '2021-05-01T21:56:24', 3113.97, 'CAD', 'Angola', 45.91, 'Failed', '2020-01-24T12:02:42', 'ME', 1),
(520, 'TXN-OPG7Q3RX', 67, 10, '2022-07-12T14:18:20', 9439.21, 'GBP', 'Andorra', 45.15, 'Pending', '2021-09-29T02:30:06', 'Receive', 0),
(521, 'TXN-S0EFAHJ3', 19, 4, '2023-01-04T15:11:58', 7366.91, 'EUR', 'Gambia', 36.5, 'Pending', '2020-09-12T18:06:36', 'ME', 0),
(522, 'TXN-MY4OXHX9', 56, 2, '2023-05-21T09:40:14', 4437.55, 'CAD', 'Central African Republic', 45.67, 'Pending', '2024-10-14T21:22:43', 'ME', 1),
(523, 'TXN-G81GTSPI', 24, 13, '2022-07-25T04:17:27', 669.16, 'AUD', 'Sao Tome and Principe', 29.6, 'Failed', '2020-05-29T06:45:41', 'Send', 0),
(524, 'TXN-EAAUUD5D', 51, 8, '2020-04-16T00:23:14', 8617.14, 'AUD', 'Guernsey', 33.1, 'Cancelled', '2021-11-17T03:23:33', 'Receive', 0),
(525, 'TXN-60ORTBDA', 90, 22, '2022-04-02T23:43:32', 9165.85, 'INR', 'Gambia', 1.6, 'Cancelled', '2023-10-24T20:14:41', 'Send', 0),
(526, 'TXN-7WHE4VNE', 48, 24, '2020-07-28T14:29:15', 7729.96, 'GBP', 'Kyrgyz Republic', 38.21, 'Cancelled', '2022-12-10T19:46:20', 'Send', 0),
(527, 'TXN-X9A01TVY', 62, 17, '2020-12-24T05:31:46', 5577.51, 'EUR', 'Burkina Faso', 7.62, 'Cancelled', '2020-11-13T11:29:24', 'Send', 1),
(528, 'TXN-ZCLN0YGD', 31, 21, '2021-02-27T14:36:50', 8472.55, 'AUD', 'Malta', 35.4, 'Cancelled', '2023-01-17T13:26:25', 'Send', 1),
(529, 'TXN-VL39TE0O', 39, 16, '2022-08-02T09:14:00', 9753.38, 'GBP', 'Tuvalu', 38.17, 'Failed', '2022-02-26T19:44:36', 'Receive', 0),
(530, 'TXN-H1QHFMJ0', 34, 14, '2021-02-11T10:36:02', 4563.12, 'USD', 'Slovenia', 44.02, 'Cancelled', '2024-05-04T11:00:28', 'ME', 1),
(531, 'TXN-DB1AUF4T', 38, 15, '2022-04-26T12:46:43', 7154.56, 'INR', 'Brunei Darussalam', 18.51, 'Pending', '2022-02-20T01:25:18', 'Send', 1),
(532, 'TXN-PJ0IY9ZI', 88, 13, '2024-10-27T08:36:09', 1698.91, 'INR', 'Australia', 37.42, 'Completed', '2024-08-09T11:40:28', 'Receive', 1),
(533, 'TXN-BSLKL7UO', 32, 25, '2024-02-29T19:57:09', 8092.55, 'EUR', 'Thailand', 16.51, 'Failed', '2021-10-03T16:05:30', 'ME', 1),
(534, 'TXN-Z9UO039S', 98, 15, '2024-07-15T04:32:49', 9093.42, 'AUD', 'Bulgaria', 44.16, 'Pending', '2022-04-17T03:46:20', 'Send', 1),
(535, 'TXN-04RHFGKG', 82, 5, '2023-09-08T11:03:42', 2551.4, 'GBP', 'Ghana', 6.22, 'Completed', '2024-06-27T03:59:39', 'Receive', 1),
(536, 'TXN-EK4UO4HY', 1, 12, '2023-03-18T10:10:47', 6636.79, 'GBP', 'Niger', 29.26, 'Cancelled', '2022-06-19T18:27:43', 'Receive', 1),
(537, 'TXN-A5JN02U6', 6, 22, '2022-07-24T04:08:11', 127.7, 'CAD', 'Saint Martin', 10.1, 'Failed', '2020-03-31T10:04:47', 'Send', 1),
(538, 'TXN-LJLGK7OG', 41, 25, '2020-05-21T03:42:16', 2797.23, 'GBP', 'Bouvet Island (Bouvetoya)', 3.43, 'Pending', '2024-04-09T14:45:35', 'Receive', 1),
(539, 'TXN-ZOXBF8HI', 27, 20, '2020-01-12T05:12:37', 1055.41, 'INR', 'Georgia', 39.14, 'Completed', '2023-08-09T03:10:00', 'ME', 0),
(540, 'TXN-T9GEU1EB', 98, 13, '2023-01-03T01:29:49', 4891.15, 'AUD', 'Ghana', 11.59, 'Completed', '2021-10-24T06:29:21', 'Receive', 1),
(541, 'TXN-ANX2VXOM', 88, 12, '2022-07-05T01:38:28', 6552.89, 'GBP', 'Grenada', 38.86, 'Completed', '2022-03-22T05:10:22', 'ME', 0),
(542, 'TXN-32EQFYIM', 83, 22, '2020-09-17T00:07:41', 8423.12, 'CAD', 'Puerto Rico', 25.62, 'Cancelled', '2022-06-03T23:32:28', 'ME', 0),
(543, 'TXN-9C8QBT2B', 86, 1, '2020-11-13T06:29:43', 8807.34, 'USD', 'Bangladesh', 1.04, 'Failed', '2021-09-08T23:38:22', 'Send', 1),
(544, 'TXN-VS5M3RYF', 21, 11, '2022-09-17T16:14:50', 3731.92, 'AUD', 'Jersey', 4.36, 'Cancelled', '2021-02-25T02:57:56', 'ME', 0),
(545, 'TXN-8QSJNMKR', 53, 24, '2020-05-12T11:47:56', 4673.44, 'INR', 'United Arab Emirates', 25.31, 'Failed', '2022-01-14T21:00:19', 'Send', 0),
(546, 'TXN-2MI9BHAI', 41, 14, '2024-04-29T16:42:09', 2949.14, 'CAD', 'Syrian Arab Republic', 1.71, 'Completed', '2020-07-23T01:07:37', 'ME', 0),
(547, 'TXN-0KK94TSK', 62, 20, '2021-07-06T19:47:03', 4205.18, 'AUD', 'Armenia', 43.36, 'Pending', '2020-02-20T08:14:30', 'Send', 1),
(548, 'TXN-L7EN487Z', 25, 12, '2020-09-27T17:16:16', 7696.36, 'USD', 'Jordan', 49.69, 'Cancelled', '2022-12-31T11:01:00', 'ME', 0),
(549, 'TXN-YWL5LCLE', 92, 15, '2023-06-08T03:02:10', 8261.8, 'USD', 'Dominican Republic', 14.64, 'Failed', '2024-06-18T00:55:56', 'ME', 1),
(550, 'TXN-DYI3Y1JB', 38, 24, '2022-06-19T21:48:43', 7099.49, 'AUD', 'Guatemala', 6.16, 'Pending', '2022-12-08T13:20:55', 'Receive', 0),
(551, 'TXN-XGEARPPX', 28, 20, '2020-10-07T20:30:42', 8100.71, 'AUD', 'Saint Helena', 38.41, 'Failed', '2023-11-12T10:06:57', 'Send', 1),
(552, 'TXN-LDOWGF06', 96, 10, '2023-04-24T05:46:44', 3876.67, 'CAD', 'Grenada', 46.32, 'Completed', '2024-06-02T15:02:10', 'ME', 0),
(553, 'TXN-O6284QNF', 21, 2, '2024-01-26T06:13:03', 8180.79, 'CAD', 'Bangladesh', 35.3, 'Pending', '2023-11-17T19:21:37', 'ME', 1),
(554, 'TXN-9P9OCSHQ', 70, 16, '2024-11-11T04:57:20', 3715.55, 'CAD', 'Nauru', 41.61, 'Cancelled', '2021-08-29T22:35:31', 'Receive', 0),
(555, 'TXN-1FQD4WVE', 52, 16, '2023-05-06T22:14:09', 9591.22, 'AUD', 'Chad', 15.1, 'Completed', '2022-06-27T05:59:36', 'Send', 1),
(556, 'TXN-LVXRW2UP', 14, 14, '2022-02-03T03:06:12', 6976.15, 'GBP', 'New Caledonia', 36.14, 'Cancelled', '2024-05-26T22:20:14', 'Send', 1),
(557, 'TXN-Z4VQGI5N', 99, 6, '2021-05-26T12:10:52', 6897.2, 'USD', 'Haiti', 31.72, 'Cancelled', '2021-12-17T21:24:12', 'ME', 0),
(558, 'TXN-VFKWN754', 63, 12, '2021-12-31T16:05:00', 6128.31, 'CAD', 'Morocco', 3.99, 'Pending', '2024-02-16T11:34:51', 'Receive', 1),
(559, 'TXN-GLLDGSPR', 65, 8, '2022-07-31T21:14:36', 6627.37, 'GBP', 'Nepal', 41.33, 'Cancelled', '2023-05-11T01:32:24', 'Send', 1),
(560, 'TXN-GHFTGOEN', 55, 24, '2024-04-26T04:18:48', 170.65, 'AUD', 'Portugal', 20.31, 'Pending', '2024-07-17T13:49:11', 'Receive', 1),
(561, 'TXN-4MDCC4WD', 9, 4, '2024-12-21T16:07:05', 5364.01, 'EUR', 'Cambodia', 23.92, 'Failed', '2022-09-09T07:54:41', 'Send', 1),
(562, 'TXN-TPVM77JX', 55, 17, '2023-11-18T23:00:02', 8417.41, 'USD', 'Ivory Coast', 30.44, 'Pending', '2021-07-09T23:11:49', 'Receive', 0),
(563, 'TXN-URFZ4IPH', 62, 12, '2023-03-24T18:51:50', 6274.64, 'EUR', 'Liechtenstein', 29.6, 'Cancelled', '2020-04-10T05:53:17', 'Receive', 1),
(564, 'TXN-82HJOGZL', 21, 15, '2022-04-12T21:22:05', 9495.23, 'USD', 'Indonesia', 33.18, 'Pending', '2022-08-12T20:09:31', 'ME', 1),
(565, 'TXN-6EUVO5Z3', 19, 7, '2022-04-02T19:25:19', 244.41, 'AUD', 'Guatemala', 34.99, 'Cancelled', '2024-05-19T10:49:29', 'Send', 1),
(566, 'TXN-U2ZOLZ9I', 3, 17, '2022-08-23T22:37:03', 3632.59, 'CAD', 'Eritrea', 24.74, 'Failed', '2021-01-30T00:25:38', 'ME', 0),
(567, 'TXN-Z5BXMFXU', 87, 8, '2023-04-11T23:14:58', 6243.83, 'USD', 'Reunion', 28.06, 'Failed', '2022-08-01T11:41:55', 'ME', 1),
(568, 'TXN-0APZKJ8Q', 27, 17, '2020-06-16T23:39:50', 53.18, 'CAD', 'Saint Lucia', 14.39, 'Completed', '2023-04-02T00:47:30', 'Send', 0),
(569, 'TXN-H599ZUZD', 12, 12, '2021-10-22T19:14:14', 2719.13, 'USD', 'Portugal', 23.74, 'Completed', '2023-11-03T16:45:56', 'Receive', 1),
(570, 'TXN-HMZIE2RZ', 48, 22, '2020-12-08T03:16:56', 7364.48, 'EUR', 'Iran', 8.75, 'Completed', '2021-10-19T12:30:51', 'Receive', 0),
(571, 'TXN-GL4E69AA', 57, 4, '2023-10-24T09:28:29', 101.08, 'EUR', 'Namibia', 39.61, 'Completed', '2024-04-24T00:28:17', 'Receive', 0),
(572, 'TXN-A7D93G1N', 27, 20, '2022-09-07T22:26:49', 8258.38, 'EUR', 'United Kingdom', 14.27, 'Pending', '2020-06-26T17:30:31', 'Receive', 1),
(573, 'TXN-GQDO4QJD', 46, 24, '2020-04-29T13:52:45', 6725.31, 'GBP', 'Ireland', 3.25, 'Pending', '2022-12-16T12:24:25', 'ME', 1),
(574, 'TXN-HVHLTJPW', 58, 5, '2024-01-30T07:16:05', 1268.94, 'AUD', 'French Polynesia', 22.26, 'Cancelled', '2020-05-25T06:06:34', 'Send', 0),
(575, 'TXN-66PB9KDX', 56, 3, '2024-11-24T10:22:53', 145.41, 'EUR', 'Hungary', 24.65, 'Pending', '2021-05-01T21:39:53', 'ME', 1),
(576, 'TXN-68394ZP6', 70, 19, '2021-09-21T11:18:54', 6624.93, 'USD', 'Mozambique', 26.66, 'Cancelled', '2021-08-10T02:19:41', 'Receive', 0),
(577, 'TXN-I1YEDCFX', 31, 21, '2020-06-04T08:05:21', 1339.29, 'INR', 'Syrian Arab Republic', 31.96, 'Cancelled', '2020-10-06T13:09:02', 'ME', 1),
(578, 'TXN-J7E3CKDN', 95, 24, '2022-11-17T04:19:50', 6110.68, 'GBP', 'Saint Kitts and Nevis', 41.16, 'Completed', '2020-03-03T16:18:42', 'ME', 1),
(579, 'TXN-OS4BESUY', 38, 5, '2022-08-03T03:26:46', 4084.83, 'INR', 'Taiwan', 20.71, 'Pending', '2023-06-10T12:14:42', 'ME', 1),
(580, 'TXN-GKJJ3YKW', 51, 6, '2021-05-19T08:45:42', 6911.98, 'INR', 'Ethiopia', 28.2, 'Failed', '2021-11-25T06:11:49', 'Receive', 1),
(581, 'TXN-1YRQL8PW', 46, 9, '2021-06-29T09:54:35', 7286.08, 'EUR', 'Faroe Islands', 13.21, 'Failed', '2022-05-31T01:40:38', 'Send', 0),
(582, 'TXN-AJSOMGDL', 70, 19, '2020-10-05T02:03:23', 1523.05, 'AUD', 'Seychelles', 31.47, 'Pending', '2024-08-23T23:03:32', 'Receive', 1),
(583, 'TXN-FXHIBQH4', 69, 23, '2020-02-24T07:38:42', 4436.3, 'AUD', 'Cayman Islands', 24.4, 'Failed', '2024-06-04T14:37:51', 'ME', 1),
(584, 'TXN-ACZZ89U9', 60, 10, '2024-12-24T04:10:39', 7350.62, 'EUR', 'Germany', 29.85, 'Pending', '2024-10-19T19:52:43', 'Receive', 0),
(585, 'TXN-VPMXFD72', 75, 23, '2022-06-13T06:24:51', 7862.34, 'CAD', 'Dominican Republic', 14.34, 'Pending', '2021-11-22T09:19:40', 'Receive', 1),
(586, 'TXN-FR33I6FR', 8, 2, '2024-02-02T09:21:15', 2488.2, 'EUR', 'Singapore', 13.98, 'Failed', '2021-05-13T17:50:26', 'ME', 0),
(587, 'TXN-XKS1UFYF', 14, 22, '2021-01-13T01:43:02', 1736.49, 'INR', 'Libyan Arab Jamahiriya', 27.48, 'Failed', '2020-01-12T11:07:07', 'Send', 0),
(588, 'TXN-TE6WT5P1', 84, 20, '2024-02-29T15:27:23', 2153.72, 'INR', 'Portugal', 8.54, 'Pending', '2023-05-25T23:02:12', 'Receive', 0),
(589, 'TXN-QMEAXG1J', 55, 18, '2022-01-14T03:21:23', 8552.14, 'USD', 'Austria', 44.0, 'Pending', '2023-12-15T14:25:53', 'ME', 0),
(590, 'TXN-X1M1ACHU', 22, 6, '2021-10-06T11:51:47', 8685.64, 'AUD', 'Romania', 21.6, 'Cancelled', '2024-08-12T19:01:23', 'ME', 0),
(591, 'TXN-JBZJ8QM9', 16, 12, '2021-07-30T08:23:33', 9197.04, 'CAD', 'Burundi', 1.74, 'Cancelled', '2022-11-04T16:06:20', 'Receive', 1),
(592, 'TXN-1WWFEYMG', 57, 10, '2023-06-03T19:04:45', 6150.78, 'INR', 'Falkland Islands (Malvinas)', 7.38, 'Completed', '2021-06-13T00:10:22', 'ME', 1),
(593, 'TXN-D1NCOZ1B', 99, 21, '2022-08-30T05:31:08', 8938.74, 'USD', 'Saint Kitts and Nevis', 45.49, 'Cancelled', '2024-05-28T16:33:31', 'ME', 1),
(594, 'TXN-4MX0HWXV', 82, 9, '2024-10-18T04:24:56', 5817.05, 'USD', 'Congo', 22.53, 'Completed', '2021-11-27T18:25:44', 'Send', 1),
(595, 'TXN-A2A02E49', 68, 24, '2021-10-12T14:09:15', 2650.52, 'GBP', 'Cyprus', 25.11, 'Failed', '2020-05-09T04:51:09', 'Send', 1),
(596, 'TXN-G8LHPCZ9', 3, 22, '2020-01-12T08:58:42', 1059.77, 'USD', 'Martinique', 11.29, 'Pending', '2021-08-03T09:33:14', 'ME', 1),
(597, 'TXN-KDZ21LYJ', 70, 1, '2021-11-29T01:22:40', 1842.01, 'AUD', 'Yemen', 22.34, 'Pending', '2020-09-25T14:11:53', 'Receive', 0),
(598, 'TXN-EQOC5ERH', 82, 1, '2022-03-06T18:04:25', 2423.49, 'USD', 'Nigeria', 16.49, 'Completed', '2022-12-19T08:22:45', 'Receive', 0),
(599, 'TXN-B7DPAONH', 17, 19, '2020-05-21T02:00:08', 8030.24, 'CAD', 'Sierra Leone', 35.06, 'Completed', '2024-02-19T13:56:06', 'Send', 0),
(600, 'TXN-P07V4YP9', 50, 7, '2022-01-04T18:10:18', 3580.44, 'AUD', 'Ivory Coast', 39.38, 'Pending', '2022-08-03T18:14:35', 'Send', 1),
(601, 'TXN-M1HV100W', 52, 20, '2023-04-30T03:00:12', 5387.48, 'CAD', 'Germany', 48.89, 'Failed', '2021-02-09T02:37:21', 'Receive', 0),
(602, 'TXN-OSFOTVEB', 96, 11, '2024-02-04T14:43:21', 7074.18, 'AUD', 'Netherlands', 11.47, 'Cancelled', '2023-05-25T21:28:44', 'Receive', 0),
(603, 'TXN-PM60P2YQ', 56, 1, '2023-05-01T17:53:38', 9675.12, 'EUR', 'Brunei Darussalam', 17.14, 'Pending', '2023-12-25T14:14:13', 'Receive', 1),
(604, 'TXN-6V9CJMVB', 92, 12, '2021-02-04T03:15:03', 6478.51, 'AUD', 'Brunei Darussalam', 4.51, 'Pending', '2021-11-28T09:10:07', 'ME', 1),
(605, 'TXN-A9I6CXNK', 18, 14, '2024-07-13T19:41:37', 8081.55, 'USD', 'Turks and Caicos Islands', 44.04, 'Pending', '2023-02-17T12:20:09', 'Receive', 1),
(606, 'TXN-XHY6SUM5', 27, 25, '2023-01-28T02:32:39', 6088.72, 'CAD', 'Egypt', 38.49, 'Cancelled', '2024-08-30T17:23:49', 'ME', 1),
(607, 'TXN-RX23GOG6', 34, 22, '2022-11-30T23:30:37', 3015.27, 'INR', 'Norfolk Island', 25.7, 'Pending', '2023-02-10T08:02:26', 'ME', 0),
(608, 'TXN-3XNOLV5R', 62, 7, '2023-01-06T14:36:01', 663.05, 'AUD', 'Gabon', 17.06, 'Completed', '2024-04-26T19:00:26', 'ME', 0),
(609, 'TXN-CII8AV9G', 39, 2, '2024-12-25T09:58:00', 5325.26, 'AUD', 'Tunisia', 45.18, 'Failed', '2023-11-13T09:19:22', 'Send', 0),
(610, 'TXN-BPE9KM4F', 42, 21, '2020-03-27T11:39:54', 521.08, 'EUR', 'Kazakhstan', 35.97, 'Failed', '2022-11-28T19:35:19', 'Send', 1),
(611, 'TXN-G2EVPZKP', 81, 24, '2021-09-10T12:41:12', 4420.46, 'USD', 'Rwanda', 31.68, 'Cancelled', '2021-03-16T03:09:20', 'ME', 1),
(612, 'TXN-0PB9WE40', 71, 4, '2021-12-31T14:33:00', 2608.36, 'USD', 'Guernsey', 24.08, 'Pending', '2024-01-08T10:28:20', 'ME', 0),
(613, 'TXN-JJ666FFY', 56, 16, '2020-02-23T08:38:39', 5547.01, 'USD', 'Armenia', 45.06, 'Pending', '2024-08-29T01:03:13', 'Receive', 0),
(614, 'TXN-TYTKEOI5', 61, 10, '2024-11-26T18:17:52', 1922.63, 'INR', 'Albania', 1.22, 'Pending', '2024-11-22T18:35:22', 'Send', 1),
(615, 'TXN-0SBS40VC', 76, 17, '2021-01-14T08:09:25', 5118.46, 'EUR', 'Afghanistan', 6.52, 'Completed', '2022-11-08T23:25:57', 'Receive', 0),
(616, 'TXN-DPWWB136', 93, 17, '2022-07-08T06:56:18', 4846.41, 'INR', 'Lebanon', 45.84, 'Completed', '2022-10-21T23:12:34', 'Send', 1),
(617, 'TXN-FV2I0Q8U', 9, 20, '2021-09-02T12:34:00', 5173.56, 'EUR', 'Kyrgyz Republic', 8.52, 'Completed', '2022-01-09T20:14:11', 'Receive', 0),
(618, 'TXN-9G9RWOQ5', 29, 9, '2024-10-21T00:26:20', 7496.43, 'USD', 'Senegal', 5.25, 'Pending', '2020-05-13T08:52:42', 'ME', 1),
(619, 'TXN-WS0YQB9D', 8, 20, '2023-12-05T01:48:47', 3089.62, 'CAD', 'Mexico', 43.87, 'Completed', '2020-09-19T16:38:16', 'Send', 1),
(620, 'TXN-WJOXACUF', 91, 18, '2024-08-10T11:13:20', 3534.07, 'INR', 'Singapore', 31.53, 'Cancelled', '2023-11-30T19:09:10', 'Receive', 0),
(621, 'TXN-JS4FR6MF', 70, 7, '2023-09-04T19:34:57', 8502.92, 'USD', 'Korea', 43.95, 'Pending', '2022-05-20T07:48:31', 'Receive', 1),
(622, 'TXN-7GPDJE5W', 56, 6, '2021-01-20T19:09:13', 2708.57, 'USD', 'Korea', 6.39, 'Pending', '2021-10-04T05:04:11', 'Receive', 0),
(623, 'TXN-BHCAK8O6', 83, 4, '2021-07-17T00:56:40', 6655.22, 'INR', 'Poland', 24.98, 'Failed', '2021-01-25T21:32:36', 'ME', 1),
(624, 'TXN-PF2LYU0O', 28, 8, '2024-08-11T11:34:47', 7390.87, 'AUD', 'Singapore', 34.84, 'Cancelled', '2021-04-02T17:53:15', 'Receive', 1),
(625, 'TXN-XFQLXUHY', 78, 8, '2023-03-14T16:09:19', 4901.33, 'USD', 'Oman', 13.57, 'Completed', '2020-11-23T23:02:58', 'ME', 1),
(626, 'TXN-8J3RNT9P', 43, 7, '2020-03-27T13:07:12', 3608.59, 'EUR', 'Gabon', 17.93, 'Pending', '2020-10-08T19:28:30', 'Receive', 0),
(627, 'TXN-WB6YI1BX', 35, 21, '2021-10-27T11:08:35', 2202.8, 'EUR', 'Peru', 17.5, 'Failed', '2022-12-22T02:02:57', 'Send', 1),
(628, 'TXN-2OPT67KI', 63, 17, '2024-02-29T05:14:56', 8292.36, 'EUR', 'Brunei Darussalam', 37.91, 'Completed', '2020-08-23T07:34:11', 'ME', 0),
(629, 'TXN-2JVW5NNP', 91, 18, '2024-05-06T22:50:07', 5942.82, 'USD', 'Kuwait', 23.27, 'Failed', '2024-12-15T17:11:14', 'Send', 1),
(630, 'TXN-KNBXTYDZ', 100, 14, '2022-02-20T15:31:44', 8048.87, 'CAD', 'Iraq', 6.49, 'Cancelled', '2022-09-22T16:13:29', 'ME', 1),
(631, 'TXN-V9WQDZ3R', 69, 14, '2020-04-21T18:10:42', 4766.78, 'GBP', 'Sudan', 29.89, 'Completed', '2023-01-19T01:52:15', 'ME', 0),
(632, 'TXN-W17M21S3', 31, 20, '2023-02-23T07:24:01', 7562.79, 'CAD', 'Liechtenstein', 45.94, 'Cancelled', '2021-03-23T04:00:53', 'Receive', 1),
(633, 'TXN-LEZPBK80', 14, 9, '2023-05-31T02:39:03', 1530.38, 'AUD', 'Sao Tome and Principe', 16.21, 'Failed', '2024-11-23T11:13:36', 'Send', 1),
(634, 'TXN-O6GY616B', 14, 12, '2021-12-01T14:56:04', 4070.59, 'INR', 'Korea', 40.96, 'Pending', '2024-04-04T08:36:00', 'ME', 1),
(635, 'TXN-IWHWC4LM', 41, 22, '2020-12-09T07:07:19', 7907.96, 'AUD', 'Poland', 48.86, 'Completed', '2022-04-26T03:32:07', 'ME', 1),
(636, 'TXN-Q53F5JQK', 25, 13, '2021-12-01T20:03:26', 9747.45, 'CAD', 'Tonga', 22.66, 'Completed', '2024-06-16T19:22:39', 'ME', 1),
(637, 'TXN-MYEJYEY8', 12, 6, '2024-05-07T15:07:49', 656.12, 'GBP', 'Paraguay', 2.26, 'Failed', '2023-03-25T08:57:57', 'ME', 1),
(638, 'TXN-U7NFHC37', 29, 1, '2020-07-07T02:25:19', 1953.33, 'INR', 'Iraq', 47.77, 'Cancelled', '2022-09-30T14:05:47', 'Receive', 0),
(639, 'TXN-KDNCWMIB', 36, 5, '2020-08-22T13:34:01', 2470.88, 'USD', 'Macao', 10.49, 'Failed', '2024-08-23T08:50:19', 'Send', 0),
(640, 'TXN-3N7QMPZQ', 56, 3, '2024-04-25T00:12:07', 4302.75, 'INR', 'Czech Republic', 25.83, 'Failed', '2020-04-08T23:35:27', 'Send', 1),
(641, 'TXN-FQ4O0SA6', 19, 8, '2020-07-10T03:01:19', 7758.15, 'EUR', 'Netherlands', 22.15, 'Cancelled', '2022-10-10T18:00:40', 'Receive', 1),
(642, 'TXN-YP5R9NZ4', 97, 15, '2023-12-07T01:22:24', 3096.84, 'AUD', 'Saint Barthelemy', 20.81, 'Failed', '2020-06-22T18:36:19', 'Receive', 1),
(643, 'TXN-W6G01RWR', 9, 13, '2024-08-31T09:16:40', 390.13, 'GBP', 'Isle of Man', 3.82, 'Completed', '2021-06-15T11:30:28', 'Receive', 0),
(644, 'TXN-H6PXJZPP', 45, 4, '2022-02-22T13:29:41', 8471.18, 'AUD', 'French Polynesia', 5.7, 'Completed', '2020-08-24T14:16:24', 'Send', 0),
(645, 'TXN-SWSMZ391', 33, 23, '2020-06-07T09:09:17', 8299.93, 'EUR', 'Brazil', 26.87, 'Cancelled', '2021-04-13T07:35:32', 'ME', 1),
(646, 'TXN-8UL1ISR8', 32, 23, '2022-12-29T17:43:37', 995.63, 'USD', 'Equatorial Guinea', 26.46, 'Cancelled', '2024-06-20T04:29:29', 'Send', 0),
(647, 'TXN-GCSFZ1HH', 83, 10, '2020-08-06T07:19:01', 5334.17, 'INR', 'New Caledonia', 10.77, 'Failed', '2021-01-27T14:51:16', 'Receive', 1),
(648, 'TXN-HGBJEADD', 50, 7, '2024-11-07T05:53:58', 1927.24, 'EUR', 'El Salvador', 41.35, 'Cancelled', '2021-06-14T16:04:02', 'Send', 1),
(649, 'TXN-20SE9A4K', 50, 6, '2021-05-04T01:00:24', 7606.65, 'INR', 'Tonga', 27.18, 'Failed', '2024-01-12T21:21:11', 'Send', 0),
(650, 'TXN-LDOLL7PD', 2, 15, '2022-09-01T22:22:21', 5615.68, 'INR', 'Afghanistan', 9.58, 'Completed', '2024-04-14T10:20:47', 'Send', 1),
(651, 'TXN-Y1WI3U6U', 65, 19, '2022-12-06T09:27:53', 7046.57, 'EUR', 'Marshall Islands', 18.11, 'Cancelled', '2023-02-08T03:57:31', 'ME', 0),
(652, 'TXN-I1K0CBOU', 71, 6, '2024-09-19T20:52:53', 6253.82, 'INR', 'Haiti', 9.97, 'Failed', '2021-10-15T01:07:55', 'Send', 1),
(653, 'TXN-Q2ILS7YF', 92, 12, '2021-09-10T17:39:17', 8684.85, 'CAD', 'Jersey', 37.18, 'Failed', '2024-10-14T07:41:55', 'Send', 1),
(654, 'TXN-2J8L3VDO', 38, 10, '2021-12-23T19:21:55', 6218.35, 'GBP', 'Libyan Arab Jamahiriya', 15.06, 'Failed', '2022-04-27T21:04:34', 'ME', 0),
(655, 'TXN-260F3QZP', 32, 3, '2024-01-13T00:55:28', 1262.11, 'AUD', 'United Kingdom', 21.65, 'Completed', '2022-05-21T15:34:42', 'Receive', 0),
(656, 'TXN-OCOIK211', 67, 1, '2020-09-11T01:33:54', 4752.61, 'INR', 'Sierra Leone', 10.17, 'Cancelled', '2024-10-03T10:41:20', 'Send', 1),
(657, 'TXN-IFJJJ3WM', 48, 11, '2022-04-22T15:30:18', 3101.67, 'AUD', 'Chad', 11.5, 'Cancelled', '2021-10-31T21:07:55', 'ME', 0),
(658, 'TXN-8VV3AJ6L', 88, 16, '2021-03-05T00:42:18', 1381.58, 'INR', 'Saint Martin', 30.54, 'Pending', '2024-10-27T07:33:58', 'Send', 1),
(659, 'TXN-HV0OHO5Q', 69, 20, '2022-04-14T17:55:47', 1365.0, 'USD', 'Christmas Island', 32.97, 'Failed', '2020-12-05T20:33:16', 'ME', 0),
(660, 'TXN-EKZG4OEI', 96, 25, '2021-01-11T08:33:32', 3215.64, 'USD', 'Haiti', 7.89, 'Completed', '2022-04-14T04:39:22', 'Receive', 0),
(661, 'TXN-6T2JWZLY', 22, 24, '2024-05-30T01:10:55', 8752.04, 'GBP', 'Svalbard & Jan Mayen Islands', 17.34, 'Completed', '2021-03-16T09:32:02', 'Send', 1),
(662, 'TXN-6YNL4AOV', 25, 10, '2022-05-24T16:16:42', 1488.77, 'GBP', 'Afghanistan', 26.79, 'Completed', '2024-01-27T19:54:59', 'Receive', 1),
(663, 'TXN-N0UX90GG', 23, 2, '2020-01-31T12:53:39', 7528.17, 'INR', 'Ethiopia', 19.16, 'Cancelled', '2023-12-05T13:34:07', 'ME', 1),
(664, 'TXN-HD0HKTM0', 93, 10, '2023-07-30T21:06:24', 6827.35, 'AUD', 'Moldova', 40.86, 'Completed', '2024-11-14T03:32:34', 'ME', 1),
(665, 'TXN-1ODZRNI5', 85, 3, '2024-09-14T04:16:39', 4678.72, 'INR', 'Mexico', 13.0, 'Pending', '2024-05-25T04:28:26', 'Send', 0),
(666, 'TXN-2SX3SDNK', 38, 20, '2021-02-08T00:03:39', 9327.94, 'GBP', 'Finland', 30.01, 'Failed', '2024-10-31T07:15:40', 'Send', 1),
(667, 'TXN-331DR73W', 88, 12, '2021-08-03T01:52:54', 3416.78, 'AUD', 'Ecuador', 31.17, 'Cancelled', '2020-09-26T23:48:47', 'Receive', 1),
(668, 'TXN-THRQYUC7', 32, 13, '2023-08-24T15:18:17', 416.74, 'INR', 'Greece', 34.18, 'Completed', '2024-10-19T08:12:43', 'Send', 0),
(669, 'TXN-YMKP4A2D', 47, 25, '2020-08-30T10:25:21', 4558.2, 'INR', 'Norway', 49.47, 'Failed', '2020-03-06T11:12:49', 'Send', 0),
(670, 'TXN-F0KNLAGU', 65, 24, '2022-10-10T12:14:55', 982.64, 'CAD', 'Uzbekistan', 31.77, 'Pending', '2024-12-16T17:46:52', 'Send', 1),
(671, 'TXN-DZA4MFBQ', 14, 24, '2024-05-30T17:55:40', 1540.19, 'CAD', 'French Polynesia', 31.11, 'Completed', '2020-06-18T13:21:59', 'Send', 1),
(672, 'TXN-6BVV678I', 37, 14, '2021-01-03T11:37:23', 2139.54, 'GBP', 'Reunion', 24.97, 'Completed', '2023-04-07T23:31:44', 'Receive', 1),
(673, 'TXN-TT5SFWBO', 75, 5, '2020-06-21T17:14:40', 8384.01, 'EUR', 'North Macedonia', 34.74, 'Pending', '2024-08-03T02:00:11', 'ME', 0),
(674, 'TXN-5HI8SRAZ', 31, 25, '2023-10-07T12:22:24', 9245.6, 'CAD', 'Korea', 7.45, 'Completed', '2023-08-27T05:40:03', 'Send', 0),
(675, 'TXN-2O66UDVY', 28, 12, '2022-05-02T04:19:49', 3159.1, 'CAD', 'Canada', 25.35, 'Completed', '2020-07-15T11:43:35', 'Send', 1),
(676, 'TXN-M1X85VRS', 2, 18, '2022-11-21T21:22:23', 3745.16, 'GBP', 'Bangladesh', 41.88, 'Failed', '2022-12-11T07:08:44', 'Send', 1),
(677, 'TXN-Z0RDJN6W', 72, 11, '2024-11-04T16:51:55', 7840.64, 'AUD', 'Puerto Rico', 9.04, 'Failed', '2022-06-17T02:04:16', 'Send', 1),
(678, 'TXN-05IM5HCF', 9, 4, '2023-02-12T04:31:20', 8754.41, 'EUR', 'North Macedonia', 5.13, 'Completed', '2024-06-09T14:40:53', 'Send', 0),
(679, 'TXN-HKH10HVL', 93, 21, '2023-06-26T06:53:25', 3867.43, 'USD', 'Iraq', 20.67, 'Cancelled', '2020-04-18T13:04:24', 'Send', 1),
(680, 'TXN-95CNJ40Q', 7, 4, '2022-08-31T13:10:49', 6348.12, 'USD', 'Uganda', 22.36, 'Failed', '2022-05-08T00:41:31', 'Receive', 0),
(681, 'TXN-OFU2D9KI', 54, 15, '2022-08-23T08:54:25', 8936.52, 'CAD', 'Iran', 40.19, 'Failed', '2021-02-25T00:10:23', 'Receive', 0),
(682, 'TXN-VCRLCHHK', 75, 17, '2020-02-29T11:24:13', 1628.8, 'USD', 'Falkland Islands (Malvinas)', 31.87, 'Completed', '2024-06-06T00:23:12', 'Receive', 1),
(683, 'TXN-BHIY74S0', 96, 13, '2020-08-19T06:10:14', 6921.15, 'AUD', 'Sierra Leone', 45.44, 'Pending', '2023-02-22T06:48:29', 'Send', 1),
(684, 'TXN-OYXVPMBQ', 76, 8, '2023-04-08T02:52:30', 7253.95, 'USD', 'China', 42.64, 'Cancelled', '2020-02-28T01:55:56', 'Send', 1),
(685, 'TXN-RQGK1KQG', 39, 22, '2022-05-25T01:43:56', 4113.63, 'EUR', 'Paraguay', 36.33, 'Failed', '2022-03-01T14:21:26', 'ME', 1),
(686, 'TXN-54HQD4OM', 59, 14, '2025-01-03T11:50:37', 6224.47, 'CAD', 'Turkey', 47.24, 'Completed', '2024-10-15T23:26:06', 'ME', 1),
(687, 'TXN-R0TVP78K', 37, 1, '2024-10-14T10:08:42', 6631.43, 'INR', 'Equatorial Guinea', 15.29, 'Pending', '2022-10-31T17:45:49', 'Send', 1),
(688, 'TXN-LMZ82C01', 48, 7, '2021-02-02T02:35:36', 6139.25, 'CAD', 'Serbia', 31.66, 'Completed', '2023-08-06T02:39:52', 'ME', 0),
(689, 'TXN-UPFCLXHN', 76, 5, '2024-09-16T04:19:40', 4047.93, 'USD', 'Venezuela', 39.22, 'Cancelled', '2022-06-29T23:25:42', 'Send', 1),
(690, 'TXN-ZNMJVVD1', 61, 16, '2021-06-28T14:49:11', 4425.41, 'USD', 'Monaco', 36.55, 'Completed', '2020-08-23T09:51:11', 'ME', 1),
(691, 'TXN-TBJLADO9', 25, 3, '2023-03-25T06:24:24', 8539.24, 'USD', 'Aruba', 14.05, 'Pending', '2021-06-30T12:25:59', 'Send', 1),
(692, 'TXN-BDAE63P8', 84, 12, '2022-08-25T09:34:33', 6959.48, 'EUR', 'Cuba', 40.74, 'Cancelled', '2020-06-23T06:39:24', 'Receive', 1),
(693, 'TXN-MQX7G5P1', 75, 1, '2024-08-03T15:46:10', 231.5, 'EUR', 'Turks and Caicos Islands', 18.47, 'Failed', '2023-03-08T06:23:17', 'Receive', 1),
(694, 'TXN-SO6YGY2J', 19, 10, '2021-05-07T16:27:18', 9016.06, 'AUD', 'Senegal', 2.0, 'Pending', '2021-10-09T16:07:43', 'Send', 0),
(695, 'TXN-5JP6TRW0', 37, 11, '2023-07-11T19:42:12', 6617.92, 'AUD', 'Gambia', 8.5, 'Failed', '2020-02-13T14:30:16', 'Send', 1),
(696, 'TXN-FM7QJIHR', 54, 10, '2021-06-01T02:11:24', 5910.8, 'GBP', 'Mexico', 37.37, 'Cancelled', '2022-04-09T19:42:41', 'Send', 0),
(697, 'TXN-J55T9QQ9', 33, 20, '2020-10-30T02:09:27', 3524.0, 'GBP', 'Costa Rica', 38.1, 'Failed', '2020-10-11T07:17:03', 'Receive', 1),
(698, 'TXN-HMVVNTNN', 82, 10, '2023-09-29T05:57:39', 1391.95, 'EUR', 'Tonga', 26.71, 'Completed', '2021-12-30T16:57:13', 'ME', 1),
(699, 'TXN-807W7C9W', 8, 13, '2022-09-07T03:25:21', 9056.49, 'AUD', 'Saint Martin', 4.42, 'Failed', '2020-08-30T11:13:33', 'Receive', 1),
(700, 'TXN-RIDKZRNG', 59, 1, '2021-11-17T07:56:03', 4400.04, 'CAD', 'Namibia', 5.83, 'Cancelled', '2023-05-20T03:00:19', 'ME', 1),
(701, 'TXN-DLQGYNF4', 61, 19, '2024-05-18T11:32:49', 8848.7, 'INR', 'Seychelles', 13.91, 'Completed', '2024-02-11T02:35:09', 'Send', 0),
(702, 'TXN-T0V278PC', 72, 3, '2023-05-09T08:23:40', 2517.47, 'INR', 'Australia', 29.46, 'Failed', '2020-03-24T13:49:06', 'Receive', 1),
(703, 'TXN-621B18WE', 83, 10, '2020-04-01T08:11:41', 4870.25, 'USD', 'Nepal', 25.72, 'Pending', '2021-12-08T06:35:42', 'ME', 0),
(704, 'TXN-KEXT5MWS', 24, 13, '2021-06-25T19:12:09', 9258.35, 'EUR', 'Maldives', 8.08, 'Pending', '2023-07-09T15:58:21', 'Receive', 0),
(705, 'TXN-DET16LLX', 13, 2, '2020-02-27T10:46:08', 7796.31, 'EUR', 'Indonesia', 24.34, 'Pending', '2021-11-04T02:48:35', 'Send', 1),
(706, 'TXN-TMMOOQ4Y', 77, 2, '2021-10-17T12:37:28', 8733.23, 'USD', 'Liberia', 45.9, 'Failed', '2023-08-19T10:04:03', 'ME', 1),
(707, 'TXN-KS5VJ6R9', 54, 7, '2024-06-17T03:47:43', 6690.28, 'EUR', 'Indonesia', 46.97, 'Failed', '2021-08-10T22:25:31', 'Receive', 0),
(708, 'TXN-1SI1MYJZ', 64, 6, '2022-07-05T07:13:53', 1574.04, 'AUD', 'India', 44.76, 'Cancelled', '2023-08-29T01:11:05', 'Send', 1),
(709, 'TXN-Q8INZRFJ', 29, 19, '2022-10-16T21:38:25', 6651.23, 'EUR', 'French Polynesia', 28.38, 'Pending', '2024-10-21T15:42:30', 'Send', 1),
(710, 'TXN-M1RS0S78', 98, 10, '2020-05-11T06:10:43', 6519.01, 'AUD', 'Saint Helena', 15.43, 'Cancelled', '2024-10-07T05:06:42', 'Receive', 1),
(711, 'TXN-DKBC2Y1E', 24, 19, '2022-05-13T07:56:28', 4082.3, 'EUR', 'Liechtenstein', 21.66, 'Completed', '2022-10-28T08:41:33', 'ME', 0),
(712, 'TXN-4QVFQ6KG', 17, 17, '2024-09-22T18:11:24', 1138.68, 'USD', 'Morocco', 12.16, 'Failed', '2022-05-28T12:22:09', 'ME', 0),
(713, 'TXN-SH6P5T6V', 54, 8, '2020-09-07T07:01:51', 67.89, 'EUR', 'Burkina Faso', 44.45, 'Cancelled', '2021-08-06T22:48:50', 'Send', 1),
(714, 'TXN-RD0U3635', 98, 14, '2022-06-01T14:56:35', 2908.1, 'CAD', 'Cameroon', 8.42, 'Completed', '2024-10-27T07:12:44', 'Send', 0),
(715, 'TXN-YU02QYDY', 1, 2, '2023-01-26T12:23:19', 1889.71, 'USD', 'Nepal', 8.46, 'Failed', '2021-02-22T00:52:10', 'Send', 1),
(716, 'TXN-R5B54KS5', 19, 3, '2020-10-29T23:03:54', 6692.39, 'USD', 'China', 43.53, 'Cancelled', '2024-12-11T01:19:26', 'Receive', 1),
(717, 'TXN-HNWOOLUN', 100, 9, '2022-01-28T08:52:17', 7581.61, 'USD', 'Andorra', 36.82, 'Cancelled', '2021-07-13T20:35:31', 'Send', 1),
(718, 'TXN-TRTWMUD7', 90, 9, '2020-04-21T22:44:31', 1063.39, 'EUR', 'Montserrat', 29.25, 'Cancelled', '2020-09-23T01:17:13', 'Send', 0),
(719, 'TXN-8UGR3NPL', 97, 11, '2020-05-30T21:52:58', 6583.35, 'AUD', 'Liberia', 6.49, 'Completed', '2020-02-26T22:52:42', 'ME', 0),
(720, 'TXN-ENUNZY7K', 18, 20, '2024-02-17T11:25:43', 1928.39, 'USD', 'Singapore', 21.42, 'Pending', '2023-05-15T22:55:30', 'Receive', 0),
(721, 'TXN-N80BTJEC', 14, 25, '2022-04-24T19:22:07', 2101.08, 'CAD', 'Bahamas', 29.07, 'Pending', '2021-11-07T01:58:14', 'ME', 1),
(722, 'TXN-7M6MMDMJ', 69, 13, '2020-04-01T16:25:38', 5160.53, 'INR', 'Bulgaria', 4.29, 'Completed', '2020-11-03T15:11:36', 'Send', 1),
(723, 'TXN-TARP9NED', 19, 7, '2022-01-12T15:05:48', 1607.96, 'GBP', 'Bulgaria', 23.76, 'Completed', '2020-02-06T08:17:30', 'Send', 1),
(724, 'TXN-HMOFYZSG', 6, 13, '2022-12-15T22:40:43', 3986.82, 'EUR', 'Macao', 14.26, 'Completed', '2024-09-07T00:16:34', 'Receive', 1),
(725, 'TXN-SMUMV4O3', 34, 6, '2021-04-13T20:38:47', 2785.02, 'AUD', 'Cayman Islands', 27.04, 'Cancelled', '2020-10-28T02:15:45', 'ME', 0),
(726, 'TXN-LPDVR7G8', 98, 14, '2021-06-24T19:41:27', 3694.83, 'INR', 'Belize', 2.26, 'Pending', '2023-12-21T18:49:07', 'ME', 1),
(727, 'TXN-JT4M54FJ', 94, 20, '2023-04-14T16:08:19', 5367.81, 'GBP', 'Guyana', 32.88, 'Pending', '2020-07-11T21:57:52', 'Send', 1),
(728, 'TXN-06IMD0RL', 82, 20, '2024-01-13T11:06:04', 8774.21, 'USD', 'Peru', 16.52, 'Cancelled', '2023-08-11T03:55:38', 'Receive', 1),
(729, 'TXN-Z9O53LNK', 45, 23, '2022-07-16T11:56:32', 1109.26, 'INR', 'Malawi', 43.89, 'Cancelled', '2022-02-01T05:43:51', 'ME', 1),
(730, 'TXN-RGN7GFLD', 43, 14, '2024-07-09T00:07:44', 9097.05, 'EUR', 'Hong Kong', 6.27, 'Failed', '2023-05-28T08:58:09', 'Send', 1),
(731, 'TXN-RBCUBFQM', 75, 12, '2023-06-21T01:05:26', 8166.21, 'USD', 'Western Sahara', 49.99, 'Pending', '2023-02-04T03:14:03', 'Send', 0),
(732, 'TXN-WMZI9IMC', 96, 19, '2023-11-12T04:05:40', 7316.1, 'CAD', 'Benin', 14.71, 'Cancelled', '2021-02-17T03:02:55', 'Send', 1),
(733, 'TXN-O3YZOIIW', 55, 14, '2025-01-03T08:46:06', 721.16, 'AUD', 'Burkina Faso', 32.76, 'Pending', '2024-11-19T03:41:35', 'Receive', 1),
(734, 'TXN-0V2OGAMQ', 70, 22, '2021-04-15T21:18:16', 5960.78, 'EUR', 'Kuwait', 15.61, 'Completed', '2022-09-15T12:11:43', 'Send', 1),
(735, 'TXN-8YD7NE4O', 22, 16, '2020-10-14T06:46:24', 7509.15, 'USD', 'Ivory Coast', 28.31, 'Completed', '2024-10-15T00:05:37', 'ME', 0),
(736, 'TXN-62NZLQHP', 9, 8, '2020-03-25T10:58:06', 9847.03, 'USD', 'Monaco', 5.62, 'Failed', '2021-10-18T02:49:13', 'Send', 0),
(737, 'TXN-O0BGMKA0', 58, 8, '2024-07-30T03:51:21', 6440.31, 'EUR', 'Niger', 11.51, 'Completed', '2024-08-21T13:32:50', 'Send', 0),
(738, 'TXN-8EHHFK05', 83, 7, '2022-09-03T17:22:41', 84.52, 'GBP', 'Niger', 27.82, 'Failed', '2020-03-29T22:05:01', 'Send', 0),
(739, 'TXN-9WU56Q0X', 53, 14, '2023-12-17T04:28:31', 8224.06, 'USD', 'Mozambique', 6.55, 'Pending', '2022-03-20T10:40:17', 'Send', 0),
(740, 'TXN-ZYVZ7Q8Q', 62, 16, '2023-11-27T08:56:01', 2425.83, 'EUR', 'Niue', 26.82, 'Failed', '2023-10-11T15:48:49', 'Send', 1),
(741, 'TXN-HCAYD1EF', 89, 13, '2021-06-15T15:00:01', 8451.63, 'AUD', 'Fiji', 20.36, 'Cancelled', '2023-05-03T17:49:17', 'Receive', 1),
(742, 'TXN-TJ9WHMD8', 96, 5, '2020-12-24T00:12:33', 1368.73, 'EUR', 'Trinidad and Tobago', 6.64, 'Completed', '2020-10-24T01:06:10', 'ME', 0),
(743, 'TXN-4ZXDRJWI', 95, 22, '2022-12-15T07:34:30', 2068.99, 'AUD', 'Tonga', 45.86, 'Cancelled', '2021-08-03T19:21:06', 'ME', 0),
(744, 'TXN-K69X20C6', 31, 18, '2021-08-13T19:35:15', 2102.14, 'EUR', 'Dominican Republic', 26.94, 'Completed', '2022-03-21T23:43:58', 'Receive', 1),
(745, 'TXN-KJDJJ1L5', 72, 4, '2022-12-24T06:22:45', 240.47, 'USD', 'Slovakia (Slovak Republic)', 24.84, 'Pending', '2021-09-22T22:26:32', 'Send', 0),
(746, 'TXN-CF0HFUU5', 70, 18, '2021-10-25T11:40:45', 8666.0, 'GBP', 'Indonesia', 30.38, 'Pending', '2024-06-10T04:45:58', 'Receive', 1),
(747, 'TXN-R275LRAP', 20, 9, '2020-03-30T22:45:53', 4997.29, 'AUD', 'Norfolk Island', 45.12, 'Completed', '2024-06-07T19:38:17', 'Receive', 1),
(748, 'TXN-146FZENE', 60, 5, '2022-03-21T16:56:43', 6695.5, 'EUR', 'Singapore', 8.51, 'Pending', '2024-07-08T21:51:20', 'Send', 0),
(749, 'TXN-AHSL6OKX', 7, 21, '2020-03-11T11:27:48', 2096.58, 'AUD', 'Isle of Man', 27.41, 'Cancelled', '2022-02-17T22:52:38', 'Send', 1),
(750, 'TXN-5BSUIXU2', 52, 14, '2021-09-13T08:39:20', 4016.48, 'EUR', 'Finland', 14.0, 'Pending', '2024-07-05T04:56:36', 'ME', 1),
(751, 'TXN-5QGCWRMM', 67, 22, '2020-09-30T07:00:41', 8459.11, 'AUD', 'Eritrea', 6.2, 'Pending', '2023-06-07T19:37:13', 'ME', 1),
(752, 'TXN-8LG7AX7P', 64, 23, '2024-03-08T06:10:28', 6903.59, 'AUD', 'Trinidad and Tobago', 31.98, 'Pending', '2021-08-30T15:02:18', 'Receive', 1),
(753, 'TXN-UYVBFTYN', 93, 16, '2023-07-09T02:23:44', 1017.87, 'GBP', 'British Indian Ocean Territory (Chagos Archipelago)', 8.28, 'Completed', '2020-09-23T23:55:47', 'Send', 0),
(754, 'TXN-CX8E4RW4', 39, 19, '2024-12-11T14:51:50', 6208.58, 'CAD', 'British Indian Ocean Territory (Chagos Archipelago)', 11.83, 'Cancelled', '2020-12-20T17:47:57', 'Send', 0),
(755, 'TXN-9P5JNX34', 4, 23, '2022-05-20T14:07:20', 6762.95, 'EUR', 'North Macedonia', 40.05, 'Pending', '2020-03-22T13:10:14', 'Receive', 1),
(756, 'TXN-XLXDC6KE', 94, 3, '2022-06-15T23:20:09', 646.89, 'INR', 'Serbia', 13.21, 'Pending', '2020-11-26T09:03:42', 'Receive', 1),
(757, 'TXN-SXULCM9O', 69, 24, '2020-12-27T02:42:24', 6338.34, 'EUR', 'Western Sahara', 11.88, 'Pending', '2021-08-12T03:48:52', 'Receive', 0),
(758, 'TXN-0VACFR4L', 64, 8, '2023-05-09T09:03:58', 4633.47, 'AUD', 'Iraq', 20.7, 'Pending', '2021-08-04T14:27:01', 'Receive', 1),
(759, 'TXN-1S54UUPI', 16, 9, '2020-06-09T16:54:33', 6849.1, 'USD', 'Uganda', 8.09, 'Completed', '2021-06-13T22:59:20', 'Receive', 1),
(760, 'TXN-F12KWBLN', 74, 25, '2021-03-19T11:25:50', 3903.36, 'EUR', 'Wallis and Futuna', 31.14, 'Failed', '2023-05-21T11:09:46', 'Receive', 1),
(761, 'TXN-69Y52FY9', 51, 9, '2023-07-30T03:04:09', 1357.61, 'CAD', 'Albania', 5.86, 'Cancelled', '2022-03-01T02:34:12', 'ME', 1),
(762, 'TXN-CC3V0GX6', 51, 22, '2020-07-21T10:18:26', 9425.22, 'EUR', 'Saudi Arabia', 13.02, 'Cancelled', '2024-09-30T12:35:40', 'ME', 0),
(763, 'TXN-UM2MPNXN', 58, 18, '2022-08-28T07:10:09', 2614.28, 'CAD', 'Haiti', 25.62, 'Completed', '2022-01-03T08:33:18', 'Send', 0),
(764, 'TXN-1SSQL0H1', 27, 9, '2021-02-05T09:50:39', 6656.7, 'CAD', 'Botswana', 11.03, 'Pending', '2023-05-24T11:08:15', 'ME', 0),
(765, 'TXN-KMRWLQ7C', 69, 25, '2022-04-17T22:00:03', 7889.38, 'INR', 'Austria', 36.45, 'Completed', '2022-12-15T06:59:11', 'Send', 1),
(766, 'TXN-TFWRPV2H', 30, 24, '2022-06-30T10:50:25', 1537.58, 'INR', 'Saint Pierre and Miquelon', 17.62, 'Cancelled', '2022-06-13T07:14:04', 'Send', 0),
(767, 'TXN-HAVF2MSI', 97, 20, '2021-11-12T18:26:00', 6989.86, 'INR', 'Germany', 20.91, 'Pending', '2020-05-20T13:52:06', 'ME', 0),
(768, 'TXN-FF9G4GFT', 5, 12, '2024-01-11T00:59:42', 6499.11, 'CAD', 'United Arab Emirates', 38.47, 'Completed', '2023-01-05T00:03:22', 'ME', 0),
(769, 'TXN-FGJY6QCK', 26, 8, '2022-12-09T02:59:03', 6140.7, 'INR', 'Palau', 49.72, 'Pending', '2020-11-15T14:12:35', 'ME', 0),
(770, 'TXN-2VCVXUW6', 56, 24, '2021-06-13T00:30:07', 8330.01, 'USD', 'Ivory Coast', 2.09, 'Completed', '2021-09-21T05:52:47', 'Receive', 0),
(771, 'TXN-WDOQA913', 77, 4, '2023-09-21T22:26:17', 4603.01, 'EUR', 'Tokelau', 48.01, 'Pending', '2022-03-25T16:22:09', 'ME', 0),
(772, 'TXN-LNFEZTXJ', 95, 11, '2020-06-22T16:47:59', 7865.56, 'GBP', 'Greece', 37.84, 'Failed', '2021-10-01T05:46:16', 'Send', 0),
(773, 'TXN-VWZH8XRW', 97, 24, '2022-12-17T14:58:49', 4375.86, 'USD', 'Colombia', 41.11, 'Failed', '2023-04-09T20:27:11', 'ME', 1),
(774, 'TXN-A0KEFIBP', 77, 19, '2024-08-25T22:04:46', 5835.75, 'USD', 'Algeria', 32.01, 'Completed', '2023-10-21T10:53:07', 'ME', 1),
(775, 'TXN-87YDLK96', 20, 7, '2021-03-09T08:22:27', 473.8, 'CAD', 'Jersey', 43.39, 'Cancelled', '2022-06-09T15:14:48', 'ME', 1),
(776, 'TXN-A4HZ0E6H', 52, 11, '2020-10-10T04:10:15', 7733.05, 'INR', 'French Guiana', 36.54, 'Pending', '2024-11-07T20:07:46', 'Receive', 1),
(777, 'TXN-ABHIZZIN', 66, 4, '2024-08-13T08:39:26', 3979.19, 'INR', 'Benin', 7.66, 'Cancelled', '2024-02-16T21:08:02', 'Receive', 1),
(778, 'TXN-VF1P9YJO', 75, 15, '2022-06-07T18:01:41', 552.99, 'EUR', 'Cyprus', 45.07, 'Pending', '2022-11-22T00:19:41', 'ME', 0),
(779, 'TXN-U9KDH9Z4', 6, 3, '2020-10-23T23:00:05', 3318.27, 'GBP', 'Turks and Caicos Islands', 42.41, 'Completed', '2022-03-08T08:38:02', 'ME', 0),
(780, 'TXN-S6UUSVNK', 25, 25, '2024-03-21T11:31:26', 8124.14, 'AUD', 'India', 17.67, 'Cancelled', '2021-08-11T05:48:18', 'Receive', 1),
(781, 'TXN-AGLYVELU', 66, 12, '2020-06-23T15:17:37', 1332.44, 'USD', 'Nigeria', 28.41, 'Failed', '2024-07-06T06:31:11', 'Receive', 1),
(782, 'TXN-1B68ZOQX', 46, 6, '2024-03-29T01:57:05', 8330.02, 'EUR', 'Solomon Islands', 37.29, 'Cancelled', '2023-04-21T02:28:47', 'Send', 1),
(783, 'TXN-C0K7LHU2', 87, 17, '2024-01-01T19:48:46', 4293.68, 'GBP', 'Mexico', 39.6, 'Cancelled', '2023-05-13T10:00:06', 'Send', 0),
(784, 'TXN-E62OSHU1', 59, 4, '2024-01-09T04:28:55', 5179.78, 'INR', 'New Caledonia', 34.96, 'Completed', '2023-11-23T11:24:28', 'Receive', 0),
(785, 'TXN-FYWV9IX7', 98, 1, '2021-11-10T12:35:57', 5132.15, 'CAD', 'Timor-Leste', 38.33, 'Pending', '2020-12-02T08:00:03', 'ME', 1),
(786, 'TXN-62CJCKGU', 37, 17, '2020-01-26T09:58:28', 2924.73, 'CAD', 'American Samoa', 22.69, 'Pending', '2023-10-19T09:46:48', 'ME', 1),
(787, 'TXN-HSPI7S38', 7, 24, '2023-01-01T22:57:09', 3803.22, 'EUR', 'Tuvalu', 43.03, 'Completed', '2021-10-27T03:20:34', 'ME', 0),
(788, 'TXN-743XD717', 16, 24, '2024-11-20T05:10:08', 1302.59, 'USD', 'Honduras', 22.32, 'Failed', '2021-05-05T09:50:26', 'Send', 0),
(789, 'TXN-F4QRTOZY', 93, 5, '2020-05-07T08:31:04', 6440.32, 'AUD', 'Croatia', 17.05, 'Failed', '2023-04-03T07:10:53', 'Receive', 1),
(790, 'TXN-8MZ55FB6', 21, 22, '2024-03-26T13:00:49', 3265.85, 'AUD', 'Congo', 7.89, 'Failed', '2023-11-10T08:00:54', 'ME', 0),
(791, 'TXN-KO26A91T', 30, 5, '2024-01-20T09:10:29', 6522.12, 'USD', 'Liberia', 36.87, 'Cancelled', '2020-06-30T00:07:28', 'Receive', 1),
(792, 'TXN-B6Y8M5XD', 3, 19, '2022-11-24T02:14:29', 7373.65, 'GBP', 'Sri Lanka', 41.88, 'Completed', '2025-01-06T17:18:56', 'ME', 1),
(793, 'TXN-Z2Y02PSF', 81, 22, '2020-11-18T11:58:36', 9493.37, 'EUR', 'Guam', 13.65, 'Cancelled', '2021-12-03T10:44:09', 'Send', 1),
(794, 'TXN-0V8U23FP', 61, 12, '2020-07-17T04:25:49', 2792.63, 'AUD', 'Norway', 36.14, 'Pending', '2023-02-17T17:30:08', 'ME', 0),
(795, 'TXN-LNVP1IXV', 75, 21, '2021-04-28T08:34:30', 7419.91, 'USD', 'Burkina Faso', 28.52, 'Pending', '2020-09-21T22:40:00', 'ME', 0),
(796, 'TXN-DHS3ONL0', 30, 13, '2022-03-04T09:52:31', 2403.43, 'INR', 'Uruguay', 6.71, 'Pending', '2023-03-19T01:55:22', 'ME', 0),
(797, 'TXN-X3B3COXQ', 91, 10, '2024-09-15T00:32:31', 4339.89, 'GBP', 'Bouvet Island (Bouvetoya)', 43.69, 'Pending', '2020-12-05T16:19:26', 'ME', 1),
(798, 'TXN-04O62MQU', 35, 3, '2022-01-09T23:02:58', 9211.93, 'EUR', 'Mongolia', 5.56, 'Completed', '2021-03-25T06:33:34', 'Send', 0),
(799, 'TXN-5W4ZANY6', 81, 6, '2022-10-01T06:25:51', 1262.8, 'USD', 'Israel', 19.96, 'Failed', '2023-12-23T05:48:59', 'Send', 1),
(800, 'TXN-54ZTZ3SJ', 68, 19, '2022-04-09T09:31:19', 1880.43, 'GBP', 'Bulgaria', 12.19, 'Completed', '2021-06-01T17:04:54', 'Send', 1),
(801, 'TXN-1TF6VLQZ', 51, 8, '2020-04-27T17:18:03', 6841.01, 'GBP', 'Madagascar', 15.52, 'Failed', '2021-11-18T13:31:12', 'Send', 1),
(802, 'TXN-4X4VE3DE', 23, 25, '2022-04-02T03:56:20', 7647.7, 'AUD', 'Japan', 17.56, 'Pending', '2022-05-26T18:29:48', 'Receive', 0),
(803, 'TXN-7CGR7230', 91, 12, '2022-02-24T14:26:22', 4166.99, 'AUD', 'Cayman Islands', 41.88, 'Failed', '2021-09-25T09:09:36', 'Receive', 0),
(804, 'TXN-M4IDA57P', 42, 8, '2022-02-05T05:19:17', 8973.68, 'GBP', 'El Salvador', 42.23, 'Cancelled', '2020-03-06T16:21:54', 'ME', 0),
(805, 'TXN-66PO48I0', 14, 11, '2020-03-17T11:44:46', 3528.2, 'CAD', 'Guatemala', 11.79, 'Pending', '2020-02-21T21:39:23', 'ME', 0),
(806, 'TXN-2PSUY849', 64, 11, '2021-07-17T15:52:11', 4178.76, 'GBP', 'Italy', 24.25, 'Failed', '2024-05-05T15:45:35', 'Send', 1),
(807, 'TXN-GLIYLZIU', 20, 11, '2021-05-16T07:00:13', 9550.97, 'GBP', 'New Zealand', 31.34, 'Cancelled', '2024-12-13T17:02:00', 'Send', 0),
(808, 'TXN-TJ5S8VIZ', 32, 1, '2024-02-10T00:11:35', 6617.49, 'AUD', 'Greenland', 13.29, 'Completed', '2020-11-27T16:49:07', 'Receive', 1),
(809, 'TXN-828QXSLV', 39, 7, '2024-11-18T05:58:45', 18.06, 'GBP', 'Northern Mariana Islands', 30.79, 'Pending', '2021-04-21T10:18:10', 'Receive', 1),
(810, 'TXN-5RNJ0JCF', 39, 8, '2021-01-24T13:22:46', 5548.56, 'USD', 'Bouvet Island (Bouvetoya)', 6.37, 'Pending', '2021-09-10T06:31:49', 'Send', 0),
(811, 'TXN-N4YR8ETB', 55, 7, '2022-02-23T17:57:41', 1749.48, 'GBP', 'Hong Kong', 38.55, 'Pending', '2023-09-28T05:12:44', 'Send', 1),
(812, 'TXN-EBZF84O3', 44, 24, '2020-06-26T19:55:17', 3168.12, 'INR', 'United States of America', 13.05, 'Failed', '2022-03-10T19:27:23', 'Receive', 0),
(813, 'TXN-3P3BC011', 56, 8, '2024-06-01T00:13:00', 1578.4, 'USD', 'Azerbaijan', 27.83, 'Pending', '2024-05-05T18:13:16', 'Send', 0),
(814, 'TXN-PNAOAJ2B', 44, 24, '2020-11-25T03:08:18', 5174.51, 'GBP', 'Qatar', 38.15, 'Failed', '2024-11-19T11:56:13', 'Receive', 1),
(815, 'TXN-P4UF7I63', 5, 22, '2021-08-10T06:52:04', 5713.9, 'USD', 'Libyan Arab Jamahiriya', 43.9, 'Completed', '2024-08-17T12:29:52', 'ME', 0),
(816, 'TXN-DZCKP424', 11, 23, '2021-04-18T03:38:39', 7932.83, 'INR', 'Nepal', 10.46, 'Pending', '2023-06-13T01:08:58', 'Send', 0),
(817, 'TXN-4T5Q7B6S', 27, 1, '2024-05-11T21:26:39', 8712.64, 'EUR', 'Niue', 46.61, 'Pending', '2022-10-18T06:47:25', 'Send', 0),
(818, 'TXN-HUA0M68S', 98, 1, '2023-02-20T06:03:28', 4836.5, 'GBP', 'Mozambique', 12.62, 'Completed', '2023-03-28T00:09:02', 'ME', 1),
(819, 'TXN-UPB4HLGQ', 61, 2, '2020-05-18T02:14:13', 1828.38, 'CAD', 'Northern Mariana Islands', 42.23, 'Pending', '2022-01-28T16:34:35', 'ME', 1),
(820, 'TXN-ANI2H4H6', 91, 7, '2024-06-23T04:04:59', 4476.18, 'GBP', 'Ghana', 18.03, 'Pending', '2022-10-03T15:25:02', 'ME', 1),
(821, 'TXN-E0TGKV9T', 63, 24, '2022-10-12T10:45:07', 8308.41, 'INR', 'Central African Republic', 3.16, 'Pending', '2022-04-11T14:00:12', 'Send', 0),
(822, 'TXN-NHNLAC26', 40, 2, '2020-03-20T09:01:48', 1335.76, 'USD', 'Vietnam', 25.84, 'Pending', '2024-10-20T17:31:06', 'Receive', 0),
(823, 'TXN-6D8IXSVE', 59, 11, '2021-03-20T15:34:45', 36.84, 'GBP', 'Taiwan', 47.21, 'Pending', '2023-03-31T22:44:07', 'Receive', 1),
(824, 'TXN-8FHBQMFC', 100, 2, '2024-07-08T07:39:50', 1579.04, 'USD', 'Antarctica (the territory South of 60 deg S)', 23.62, 'Failed', '2024-09-28T04:22:22', 'ME', 1),
(825, 'TXN-GDT71O7L', 44, 11, '2021-03-12T05:44:20', 780.85, 'CAD', 'Zambia', 30.47, 'Cancelled', '2021-03-25T23:35:55', 'Send', 1),
(826, 'TXN-LSDA0QUS', 25, 8, '2024-12-21T20:48:43', 1409.2, 'GBP', 'Timor-Leste', 28.68, 'Pending', '2024-04-19T02:09:20', 'ME', 0),
(827, 'TXN-0W7JGUBC', 16, 9, '2021-10-01T08:02:37', 4810.91, 'USD', 'Antarctica (the territory South of 60 deg S)', 48.99, 'Failed', '2020-10-12T01:52:19', 'Send', 0),
(828, 'TXN-2IT6S3VS', 76, 19, '2020-09-28T13:34:39', 4393.14, 'CAD', 'Sao Tome and Principe', 4.28, 'Pending', '2020-02-19T23:59:04', 'Receive', 0),
(829, 'TXN-WN16SO63', 40, 3, '2023-11-10T22:30:56', 9702.39, 'CAD', 'Turkey', 49.94, 'Completed', '2024-05-08T21:23:24', 'Send', 0),
(830, 'TXN-5VV4X9CS', 42, 17, '2020-10-31T23:37:10', 8783.97, 'AUD', 'Dominican Republic', 5.26, 'Completed', '2021-11-25T03:01:43', 'Send', 0),
(831, 'TXN-WUIP5P4M', 2, 20, '2023-08-11T15:33:44', 5781.07, 'CAD', 'Iran', 17.18, 'Cancelled', '2021-09-03T12:57:33', 'ME', 0),
(832, 'TXN-5K0FYJFR', 23, 22, '2021-06-12T06:24:28', 5749.45, 'USD', 'Gabon', 29.58, 'Failed', '2020-12-13T16:26:39', 'Send', 1),
(833, 'TXN-AS4CRRJA', 15, 20, '2023-03-17T00:45:20', 6042.62, 'INR', 'Trinidad and Tobago', 31.15, 'Failed', '2022-02-15T10:21:58', 'ME', 1),
(834, 'TXN-A3CI1IMZ', 60, 6, '2021-01-03T10:59:17', 1407.98, 'AUD', 'Burkina Faso', 38.27, 'Cancelled', '2020-08-02T07:41:58', 'Receive', 0),
(835, 'TXN-620LK223', 92, 7, '2024-10-24T15:09:13', 1578.15, 'CAD', 'Saint Martin', 33.1, 'Completed', '2023-09-24T23:03:17', 'Send', 0),
(836, 'TXN-F7QGX6EN', 57, 3, '2022-12-12T14:20:08', 3964.35, 'GBP', 'Turkmenistan', 3.16, 'Completed', '2023-06-08T22:26:31', 'Receive', 0),
(837, 'TXN-8R0Q16YK', 89, 23, '2020-07-15T14:16:44', 3542.99, 'GBP', 'Tanzania', 11.73, 'Pending', '2021-04-09T03:58:39', 'ME', 0),
(838, 'TXN-APXHY438', 46, 20, '2024-10-31T22:05:15', 1116.35, 'USD', 'Netherlands', 24.9, 'Pending', '2024-07-02T19:04:15', 'Send', 1),
(839, 'TXN-LUNAT7SN', 20, 15, '2024-09-11T14:33:21', 2402.0, 'GBP', 'Barbados', 31.28, 'Failed', '2023-11-29T20:24:47', 'Send', 0),
(840, 'TXN-1DR3AXJY', 98, 11, '2023-08-06T01:57:27', 6524.64, 'GBP', 'Niue', 18.31, 'Failed', '2022-09-06T06:57:39', 'Send', 0),
(841, 'TXN-1GF6N1SE', 75, 8, '2022-12-25T19:55:03', 1348.16, 'USD', 'Montserrat', 24.45, 'Completed', '2023-05-01T17:35:37', 'ME', 0),
(842, 'TXN-YJHVAT5Q', 72, 9, '2022-07-14T19:28:50', 4097.15, 'INR', 'Jamaica', 14.69, 'Cancelled', '2023-05-11T15:55:41', 'Receive', 0),
(843, 'TXN-16ARS64H', 87, 23, '2023-02-03T08:40:34', 5660.43, 'CAD', 'Ireland', 40.97, 'Pending', '2021-05-08T03:38:48', 'Send', 1),
(844, 'TXN-E9TB0PV6', 80, 5, '2020-11-23T07:52:39', 3845.2, 'CAD', 'Slovakia (Slovak Republic)', 27.83, 'Cancelled', '2025-01-07T07:59:28', 'Receive', 1),
(845, 'TXN-M9EE0UB1', 28, 19, '2021-07-27T08:56:31', 4470.24, 'CAD', 'Switzerland', 39.85, 'Cancelled', '2021-01-22T03:22:27', 'Send', 1),
(846, 'TXN-ILPMUSP9', 37, 20, '2020-04-16T22:40:45', 6311.04, 'CAD', 'Chile', 22.76, 'Cancelled', '2022-05-14T18:38:46', 'ME', 0),
(847, 'TXN-ZGVM9MH0', 98, 7, '2022-01-24T07:34:42', 149.25, 'AUD', 'Grenada', 33.1, 'Failed', '2021-02-15T04:59:22', 'ME', 1),
(848, 'TXN-3XFZ128Z', 68, 7, '2022-09-05T06:40:05', 2021.66, 'GBP', 'Paraguay', 44.28, 'Pending', '2021-11-28T02:33:25', 'ME', 0),
(849, 'TXN-FYPIM8OK', 42, 13, '2020-10-09T16:42:26', 7029.84, 'AUD', 'Oman', 49.05, 'Completed', '2024-04-08T05:31:46', 'ME', 1),
(850, 'TXN-MBI91K0E', 97, 4, '2021-11-20T21:10:50', 1441.22, 'GBP', 'Benin', 5.53, 'Cancelled', '2022-07-22T00:47:14', 'Receive', 0),
(851, 'TXN-6Z4UT82F', 96, 15, '2023-11-23T22:40:01', 9705.15, 'GBP', 'Bahrain', 39.38, 'Completed', '2020-09-01T23:13:42', 'Send', 1),
(852, 'TXN-LCI072QV', 46, 12, '2020-05-01T20:57:26', 3775.47, 'GBP', 'Argentina', 32.62, 'Completed', '2023-02-12T16:56:57', 'Receive', 1),
(853, 'TXN-M7MQ7UBG', 18, 18, '2021-06-04T21:50:36', 6113.54, 'AUD', 'Togo', 34.08, 'Cancelled', '2023-08-10T10:14:22', 'Receive', 0),
(854, 'TXN-8LW9FILS', 6, 14, '2024-08-15T04:30:33', 3691.05, 'GBP', 'Paraguay', 45.9, 'Completed', '2020-12-23T11:41:54', 'Receive', 0),
(855, 'TXN-VJZ0WP8W', 28, 25, '2024-05-30T11:47:19', 1205.65, 'USD', 'Bahrain', 22.67, 'Failed', '2023-09-07T21:31:33', 'Send', 0),
(856, 'TXN-7SLBAGAG', 79, 10, '2023-09-08T09:55:58', 95.19, 'CAD', 'Grenada', 47.41, 'Failed', '2024-01-28T10:30:14', 'ME', 0),
(857, 'TXN-TR3D3T57', 41, 7, '2023-08-31T13:18:16', 2925.91, 'CAD', 'Northern Mariana Islands', 27.31, 'Cancelled', '2023-01-08T20:05:58', 'Send', 0),
(858, 'TXN-Q3GKAJD9', 91, 4, '2020-02-15T15:43:49', 3549.54, 'INR', 'Angola', 29.23, 'Completed', '2022-03-03T09:36:29', 'Send', 0),
(859, 'TXN-DGWIMYXG', 77, 10, '2024-02-01T21:02:23', 8152.08, 'USD', 'Northern Mariana Islands', 16.12, 'Completed', '2022-11-15T09:44:33', 'Receive', 0),
(860, 'TXN-Q5E5PG40', 69, 8, '2024-10-28T13:36:26', 5047.05, 'GBP', 'Barbados', 14.91, 'Cancelled', '2022-01-01T13:17:33', 'Receive', 1),
(861, 'TXN-LWDWYXGB', 23, 14, '2022-08-04T15:27:35', 8355.43, 'CAD', 'Korea', 6.28, 'Pending', '2021-05-22T05:19:36', 'Send', 0),
(862, 'TXN-SQVN5TNT', 100, 10, '2024-09-12T03:58:48', 9322.46, 'AUD', 'Jersey', 23.38, 'Pending', '2024-11-02T09:20:39', 'ME', 0),
(863, 'TXN-YCUASV3D', 21, 13, '2021-05-31T13:55:46', 4102.71, 'EUR', 'Mauritania', 36.15, 'Pending', '2024-05-16T22:45:19', 'Send', 1),
(864, 'TXN-DJGV2RDP', 15, 22, '2022-12-25T23:01:15', 8430.74, 'INR', 'Norfolk Island', 3.77, 'Failed', '2022-02-16T18:11:11', 'Receive', 0),
(865, 'TXN-L412U741', 26, 14, '2021-10-06T16:25:31', 5251.13, 'GBP', 'Luxembourg', 22.54, 'Failed', '2020-01-30T13:41:40', 'ME', 0),
(866, 'TXN-JCJHYX72', 44, 9, '2022-01-26T21:21:10', 1804.93, 'CAD', 'Eritrea', 12.39, 'Completed', '2020-02-27T13:12:59', 'ME', 0),
(867, 'TXN-GLQ7DLS0', 94, 14, '2023-08-12T01:13:16', 5939.95, 'INR', 'Lebanon', 30.99, 'Cancelled', '2021-08-25T19:22:10', 'Receive', 1),
(868, 'TXN-D68X9D4J', 56, 15, '2022-09-26T00:44:47', 2104.86, 'EUR', 'New Zealand', 42.04, 'Cancelled', '2021-08-16T17:35:17', 'Receive', 0),
(869, 'TXN-PS6SD0LV', 58, 14, '2023-05-01T00:02:41', 6923.16, 'INR', 'Antarctica (the territory South of 60 deg S)', 46.1, 'Cancelled', '2024-10-02T04:00:23', 'ME', 1),
(870, 'TXN-UQXDTIH2', 53, 25, '2021-01-28T03:42:26', 4223.88, 'USD', 'Kyrgyz Republic', 14.07, 'Pending', '2024-06-07T17:33:43', 'ME', 0),
(871, 'TXN-PBTCBXB4', 14, 17, '2023-06-13T06:29:20', 4132.81, 'EUR', 'Costa Rica', 43.33, 'Failed', '2020-11-05T14:01:22', 'Send', 0),
(872, 'TXN-OPLFUVL8', 93, 21, '2024-12-23T11:02:32', 7252.08, 'CAD', 'El Salvador', 23.2, 'Pending', '2020-04-15T02:49:49', 'Send', 0),
(873, 'TXN-RS46JL4R', 23, 4, '2020-12-08T19:07:12', 1110.44, 'AUD', 'Holy See (Vatican City State)', 39.51, 'Pending', '2021-04-26T08:28:38', 'ME', 1),
(874, 'TXN-GLPV2R7S', 14, 6, '2024-02-06T00:44:24', 8931.88, 'GBP', 'Liberia', 1.03, 'Failed', '2023-11-15T11:30:09', 'Send', 1),
(875, 'TXN-G3ZBMQ2X', 4, 4, '2023-09-07T07:36:27', 3571.96, 'USD', 'Romania', 39.67, 'Completed', '2020-08-26T04:07:20', 'Send', 1),
(876, 'TXN-2USWVMM1', 33, 1, '2023-01-13T19:55:38', 2585.92, 'AUD', 'Guinea', 28.12, 'Cancelled', '2020-03-02T15:05:21', 'Send', 0),
(877, 'TXN-GM45WRZB', 96, 17, '2024-05-04T15:42:18', 5699.89, 'INR', 'Tonga', 4.19, 'Pending', '2023-09-25T11:41:14', 'ME', 0),
(878, 'TXN-ADRPLZD4', 52, 9, '2021-10-04T23:23:11', 9145.89, 'AUD', 'United States of America', 26.86, 'Cancelled', '2024-01-07T17:06:37', 'ME', 0),
(879, 'TXN-0L03H5EF', 48, 4, '2023-10-15T22:58:05', 3117.85, 'EUR', 'Cuba', 16.35, 'Failed', '2024-10-16T14:40:35', 'Send', 1),
(880, 'TXN-I9PWY0MQ', 66, 5, '2021-02-18T08:48:53', 9621.77, 'AUD', 'Colombia', 39.27, 'Pending', '2022-07-27T07:03:06', 'ME', 0),
(881, 'TXN-UPY47RM2', 93, 16, '2021-08-10T14:58:44', 4001.13, 'AUD', 'Romania', 31.73, 'Completed', '2024-08-27T11:36:34', 'ME', 0),
(882, 'TXN-HB7OA1IP', 92, 15, '2024-08-04T04:17:25', 4000.6, 'INR', 'New Caledonia', 22.66, 'Failed', '2021-08-01T15:16:43', 'Receive', 0),
(883, 'TXN-QW4J65N1', 94, 3, '2022-04-07T06:56:17', 5585.31, 'USD', 'Armenia', 2.19, 'Pending', '2020-07-02T18:45:11', 'Send', 1),
(884, 'TXN-E9UMZU9S', 69, 16, '2024-07-08T05:28:59', 5037.17, 'CAD', 'Samoa', 49.31, 'Completed', '2022-01-11T17:37:41', 'ME', 1),
(885, 'TXN-4WSX9L90', 95, 5, '2024-07-07T11:33:53', 5344.93, 'USD', 'Norway', 36.34, 'Pending', '2024-02-06T16:34:12', 'Send', 0),
(886, 'TXN-EXYAANQ5', 7, 1, '2021-02-07T10:46:29', 4980.0, 'INR', 'Turkmenistan', 9.03, 'Failed', '2020-10-06T11:28:48', 'Send', 0),
(887, 'TXN-A4JXMI53', 42, 25, '2023-03-25T06:31:50', 8374.11, 'CAD', 'Czech Republic', 28.86, 'Cancelled', '2024-01-07T21:55:28', 'Send', 0),
(888, 'TXN-V77WJOP9', 32, 21, '2020-06-03T18:44:36', 1443.38, 'EUR', 'Cook Islands', 33.74, 'Failed', '2024-05-25T12:22:14', 'Receive', 1),
(889, 'TXN-J2BVXO10', 22, 16, '2023-06-11T19:41:13', 412.65, 'CAD', 'Reunion', 10.7, 'Failed', '2023-06-14T00:24:40', 'Send', 1),
(890, 'TXN-2OA3ICYB', 65, 11, '2023-07-17T15:07:14', 4159.79, 'USD', 'Sri Lanka', 48.06, 'Pending', '2023-08-06T05:14:58', 'Receive', 0),
(891, 'TXN-3IH3KKCI', 76, 9, '2022-10-26T16:56:58', 7018.49, 'EUR', 'Belarus', 45.79, 'Pending', '2020-03-31T05:15:37', 'ME', 0),
(892, 'TXN-6V6VM18A', 27, 13, '2024-06-01T14:38:58', 1531.14, 'GBP', 'Chile', 4.41, 'Completed', '2022-10-11T03:10:11', 'Send', 1),
(893, 'TXN-V9OGWOEI', 93, 20, '2024-04-26T01:10:42', 2410.9, 'USD', 'Jordan', 37.26, 'Completed', '2024-10-08T02:46:40', 'Receive', 0),
(894, 'TXN-ETVTRKXJ', 41, 24, '2022-11-11T10:28:37', 644.59, 'USD', 'Congo', 25.69, 'Completed', '2024-07-13T02:19:08', 'Receive', 1),
(895, 'TXN-PYRCI0FM', 61, 19, '2021-05-07T12:59:57', 6459.24, 'EUR', 'Kyrgyz Republic', 1.41, 'Failed', '2021-12-16T03:07:50', 'ME', 0),
(896, 'TXN-3BSQJLO1', 42, 24, '2021-03-31T17:17:57', 8758.23, 'AUD', 'Central African Republic', 21.68, 'Cancelled', '2020-08-12T15:41:02', 'Send', 1),
(897, 'TXN-SI0DD0AF', 34, 7, '2020-06-29T21:24:29', 7599.45, 'INR', 'Cape Verde', 29.6, 'Cancelled', '2020-11-29T03:01:45', 'ME', 0),
(898, 'TXN-2AGDLL2C', 86, 3, '2024-08-17T01:01:28', 999.84, 'USD', 'Burundi', 16.29, 'Pending', '2023-09-18T22:22:24', 'ME', 0),
(899, 'TXN-HXVWOL8O', 57, 22, '2024-11-18T05:55:07', 4914.6, 'CAD', 'Sri Lanka', 33.43, 'Completed', '2023-12-29T07:11:07', 'ME', 0),
(900, 'TXN-TOXLBNZ8', 52, 19, '2022-08-23T16:08:52', 9707.94, 'CAD', 'Benin', 38.08, 'Cancelled', '2022-03-15T23:20:15', 'Send', 1),
(901, 'TXN-AXQEH6CX', 38, 5, '2020-06-20T02:35:34', 3824.37, 'GBP', 'Moldova', 26.51, 'Pending', '2020-03-23T07:18:04', 'ME', 0),
(902, 'TXN-001JHJ5N', 67, 6, '2023-05-09T19:01:50', 6736.83, 'INR', 'Grenada', 12.97, 'Completed', '2021-09-12T03:40:13', 'Send', 1),
(903, 'TXN-IC6G43DD', 48, 1, '2023-08-07T07:08:39', 3221.76, 'CAD', 'Bosnia and Herzegovina', 25.32, 'Pending', '2020-11-23T06:15:15', 'ME', 0),
(904, 'TXN-4RURKNLC', 58, 17, '2021-04-24T16:24:11', 9844.08, 'EUR', 'Croatia', 6.15, 'Failed', '2023-01-14T03:23:20', 'ME', 1),
(905, 'TXN-M1IYKOCB', 17, 13, '2023-02-24T13:12:32', 7583.73, 'CAD', 'Botswana', 2.64, 'Failed', '2024-04-22T16:45:55', 'Receive', 0),
(906, 'TXN-4KCI4Q18', 62, 2, '2021-10-06T19:21:50', 9017.4, 'AUD', 'Vanuatu', 10.44, 'Cancelled', '2021-09-05T21:43:56', 'Receive', 0),
(907, 'TXN-OJNP6L79', 82, 13, '2020-08-24T01:21:51', 6850.56, 'INR', 'Palestinian Territory', 16.83, 'Cancelled', '2022-12-25T21:27:27', 'Receive', 0),
(908, 'TXN-8E9PW55Q', 67, 2, '2023-12-06T15:00:57', 5188.59, 'EUR', 'Western Sahara', 40.9, 'Cancelled', '2021-03-04T04:59:23', 'Send', 0),
(909, 'TXN-E9P37U4K', 76, 6, '2024-12-09T13:11:42', 8622.59, 'GBP', 'Saint Vincent and the Grenadines', 22.03, 'Completed', '2023-09-21T04:42:06', 'ME', 1),
(910, 'TXN-2JX280MS', 27, 17, '2020-02-17T21:06:26', 8112.21, 'USD', 'Tokelau', 13.67, 'Failed', '2024-08-07T08:39:03', 'Send', 1),
(911, 'TXN-JPZ56W2O', 88, 9, '2024-05-03T10:48:14', 8517.56, 'AUD', 'Christmas Island', 28.44, 'Completed', '2022-05-02T17:17:35', 'Send', 1),
(912, 'TXN-4BFLHVCT', 53, 14, '2020-03-07T11:42:41', 5780.61, 'GBP', 'Tanzania', 46.32, 'Pending', '2020-12-15T15:10:14', 'Receive', 0),
(913, 'TXN-UYX4J9EN', 12, 22, '2021-05-05T04:17:00', 4160.14, 'CAD', 'Uzbekistan', 40.26, 'Cancelled', '2020-09-15T13:20:29', 'ME', 1),
(914, 'TXN-R52SYKP9', 91, 23, '2021-01-29T17:31:10', 416.89, 'INR', 'Bhutan', 42.56, 'Cancelled', '2020-11-14T03:28:19', 'Send', 0),
(915, 'TXN-JV661X4R', 7, 20, '2022-08-18T03:44:36', 726.57, 'USD', 'Saint Helena', 21.95, 'Completed', '2021-05-08T07:22:33', 'Send', 0),
(916, 'TXN-AK0QN9TM', 79, 2, '2020-02-17T00:18:15', 8814.12, 'EUR', 'Bahrain', 7.55, 'Cancelled', '2020-01-17T04:49:42', 'ME', 1),
(917, 'TXN-80PEPKLP', 43, 24, '2023-10-10T17:57:28', 4755.48, 'EUR', 'Philippines', 13.12, 'Failed', '2024-09-22T01:35:42', 'ME', 1),
(918, 'TXN-YZV0K6VP', 55, 25, '2024-01-07T07:39:30', 831.45, 'USD', 'Swaziland', 11.5, 'Pending', '2020-07-15T06:15:19', 'Receive', 1),
(919, 'TXN-MBZD5A84', 21, 9, '2021-11-23T06:08:45', 78.69, 'AUD', 'Singapore', 9.91, 'Completed', '2021-11-20T06:45:04', 'ME', 0),
(920, 'TXN-IZOVVHRF', 28, 25, '2022-02-07T07:04:50', 1514.98, 'INR', 'Montserrat', 41.67, 'Pending', '2021-11-25T22:22:04', 'ME', 0),
(921, 'TXN-ZJ5VLQJZ', 74, 22, '2021-11-22T20:04:57', 5422.89, 'CAD', 'Estonia', 38.27, 'Cancelled', '2020-04-02T22:23:15', 'Send', 0),
(922, 'TXN-HRQZ2EAP', 70, 11, '2020-06-29T22:45:05', 4834.31, 'INR', 'French Southern Territories', 11.18, 'Cancelled', '2024-05-23T19:54:57', 'ME', 1),
(923, 'TXN-0GSY30K1', 96, 8, '2024-05-27T04:02:05', 235.16, 'CAD', 'Belize', 46.57, 'Completed', '2023-02-16T12:36:16', 'Receive', 1),
(924, 'TXN-BKGI88NA', 16, 9, '2020-01-18T17:51:20', 8110.32, 'USD', 'Gibraltar', 14.43, 'Failed', '2020-08-09T21:24:08', 'Receive', 1),
(925, 'TXN-WPNMBD3U', 47, 10, '2022-10-14T10:51:42', 5992.16, 'CAD', 'Russian Federation', 42.16, 'Completed', '2024-09-04T13:10:59', 'Send', 0),
(926, 'TXN-XL3GFCSL', 13, 3, '2021-09-27T05:29:21', 4107.92, 'EUR', 'Malawi', 42.2, 'Pending', '2023-09-13T19:49:53', 'Send', 0),
(927, 'TXN-7KL5RRN9', 67, 15, '2023-07-29T18:33:42', 7247.53, 'INR', 'Tonga', 12.91, 'Cancelled', '2021-01-10T01:57:22', 'Receive', 1),
(928, 'TXN-FH2CN2MN', 36, 21, '2022-10-21T17:10:17', 6066.8, 'CAD', 'Mozambique', 6.65, 'Failed', '2023-09-19T09:48:42', 'Send', 0),
(929, 'TXN-7OA7VLYJ', 3, 24, '2020-01-22T02:14:52', 710.31, 'GBP', 'Cayman Islands', 24.12, 'Pending', '2022-11-18T01:53:39', 'Send', 0),
(930, 'TXN-8NBESPD7', 4, 7, '2022-12-07T17:35:56', 8659.47, 'CAD', 'Tunisia', 34.51, 'Failed', '2022-10-12T09:47:59', 'Receive', 0),
(931, 'TXN-PW28SHAF', 71, 10, '2021-10-02T15:06:59', 4448.79, 'USD', 'Turkey', 1.19, 'Failed', '2022-09-20T06:37:53', 'Receive', 1),
(932, 'TXN-WDQAFILE', 74, 19, '2022-08-04T05:04:33', 8370.22, 'INR', 'Ukraine', 12.15, 'Cancelled', '2022-05-09T07:16:48', 'Send', 0),
(933, 'TXN-S88F76ET', 33, 17, '2024-05-03T08:06:17', 7187.07, 'INR', 'Uzbekistan', 3.4, 'Completed', '2023-12-23T19:29:59', 'ME', 0),
(934, 'TXN-7NSTX7HV', 6, 23, '2023-08-15T23:51:24', 2693.68, 'INR', 'Chile', 16.14, 'Completed', '2020-08-15T11:07:27', 'Receive', 1),
(935, 'TXN-5CXCH98J', 58, 6, '2022-05-24T09:59:30', 945.07, 'USD', 'New Zealand', 31.83, 'Cancelled', '2022-12-30T02:20:40', 'Send', 1),
(936, 'TXN-1MW3DY5M', 11, 8, '2021-09-29T01:51:50', 6261.01, 'EUR', 'Cocos (Keeling) Islands', 40.98, 'Pending', '2023-05-12T18:54:49', 'Send', 0),
(937, 'TXN-O1O8C2TC', 9, 6, '2020-10-03T09:48:45', 7259.09, 'EUR', 'Algeria', 47.37, 'Pending', '2023-06-05T18:33:48', 'Send', 0),
(938, 'TXN-9XPLUF4W', 95, 15, '2021-12-18T01:41:02', 5567.33, 'GBP', 'Niger', 26.82, 'Completed', '2022-07-16T09:42:47', 'Receive', 0),
(939, 'TXN-8F7LKSY6', 40, 18, '2021-12-01T06:59:29', 6059.61, 'USD', 'Peru', 38.57, 'Failed', '2022-08-17T14:02:02', 'Send', 0),
(940, 'TXN-WT9GSZF0', 29, 17, '2022-02-02T14:29:11', 8941.81, 'USD', 'Barbados', 16.31, 'Failed', '2020-05-29T03:11:03', 'Send', 0),
(941, 'TXN-YNUYFR34', 62, 9, '2021-12-03T21:58:00', 8058.88, 'AUD', 'Brazil', 14.59, 'Completed', '2021-10-10T16:42:56', 'ME', 0),
(942, 'TXN-G50KJSCT', 76, 8, '2023-10-22T12:37:57', 4717.22, 'AUD', 'Latvia', 16.89, 'Pending', '2020-10-19T04:57:25', 'Receive', 1),
(943, 'TXN-HBXV33U0', 85, 21, '2022-08-29T06:53:19', 2522.3, 'AUD', 'Ethiopia', 16.54, 'Completed', '2020-08-05T08:07:13', 'Receive', 0),
(944, 'TXN-F57YJU17', 69, 5, '2023-12-19T01:18:37', 8526.02, 'EUR', 'Iceland', 15.92, 'Failed', '2022-07-17T15:19:17', 'Receive', 0),
(945, 'TXN-5QN40EVY', 88, 10, '2023-07-15T08:22:17', 26.84, 'USD', 'Netherlands', 42.18, 'Completed', '2020-06-01T01:33:07', 'ME', 1),
(946, 'TXN-N4EP9BHD', 97, 7, '2020-12-12T08:36:46', 93.68, 'AUD', 'Iceland', 39.19, 'Cancelled', '2020-03-22T11:28:26', 'Receive', 1),
(947, 'TXN-81WZ0CLH', 83, 14, '2022-12-28T12:49:35', 5221.24, 'INR', 'Marshall Islands', 1.78, 'Pending', '2022-05-23T09:32:16', 'Send', 1),
(948, 'TXN-RDVQEPTK', 83, 7, '2023-05-15T15:42:59', 8568.19, 'EUR', 'British Virgin Islands', 46.77, 'Failed', '2020-09-17T04:22:07', 'Send', 0),
(949, 'TXN-XGJ5AB4V', 97, 6, '2021-02-28T22:20:12', 7433.39, 'USD', 'Australia', 17.25, 'Pending', '2021-07-08T05:03:03', 'ME', 1),
(950, 'TXN-7JVS6H6S', 77, 14, '2021-07-17T07:51:57', 7697.02, 'USD', 'Cook Islands', 39.57, 'Pending', '2022-08-10T05:40:00', 'Send', 1),
(951, 'TXN-4BY10P2K', 19, 14, '2020-08-24T21:48:18', 3243.61, 'CAD', 'Marshall Islands', 38.77, 'Completed', '2020-06-15T13:21:30', 'ME', 1),
(952, 'TXN-4P0R2OEI', 52, 17, '2022-06-10T06:01:03', 5998.54, 'EUR', 'Lebanon', 35.97, 'Failed', '2023-02-21T09:45:03', 'Send', 1),
(953, 'TXN-PGVPC39T', 66, 2, '2022-09-24T11:32:08', 4434.88, 'EUR', 'Martinique', 8.82, 'Pending', '2024-10-15T22:22:53', 'Send', 1),
(954, 'TXN-D2VDSVIH', 45, 9, '2020-05-13T07:58:38', 8041.48, 'CAD', 'Mexico', 12.71, 'Failed', '2021-12-10T12:33:41', 'ME', 1),
(955, 'TXN-BD11EXI2', 68, 6, '2020-09-07T02:41:06', 5312.18, 'EUR', 'Syrian Arab Republic', 21.91, 'Pending', '2022-10-29T01:39:57', 'Receive', 0),
(956, 'TXN-FZOFPCPH', 18, 25, '2024-08-20T05:19:35', 5482.75, 'USD', 'Netherlands Antilles', 20.25, 'Completed', '2024-09-25T18:11:19', 'Receive', 1),
(957, 'TXN-451UR2LP', 20, 7, '2021-12-03T01:36:04', 5235.07, 'USD', 'Niger', 16.21, 'Cancelled', '2022-09-01T01:42:05', 'Receive', 0),
(958, 'TXN-IBVNYFK1', 75, 8, '2023-08-20T03:22:40', 8636.81, 'GBP', 'Greenland', 29.62, 'Pending', '2024-12-05T13:21:59', 'ME', 0),
(959, 'TXN-KSWJW3HH', 36, 8, '2022-05-11T19:51:39', 8737.05, 'EUR', 'Bahamas', 47.79, 'Pending', '2023-09-21T23:03:18', 'Send', 1),
(960, 'TXN-2NQX429Y', 25, 14, '2021-04-10T11:13:43', 4466.34, 'INR', 'Iran', 34.31, 'Cancelled', '2022-01-09T23:43:47', 'Send', 1),
(961, 'TXN-3YBBT4I7', 22, 2, '2020-04-20T07:32:22', 2706.03, 'GBP', 'Argentina', 7.28, 'Completed', '2024-03-12T23:12:28', 'Receive', 0),
(962, 'TXN-RZRA13P7', 54, 16, '2024-10-15T03:12:49', 4083.27, 'INR', 'Honduras', 19.9, 'Failed', '2024-02-16T19:22:11', 'Send', 0),
(963, 'TXN-TND6DTKD', 12, 20, '2020-03-02T13:07:36', 3673.21, 'AUD', 'Maldives', 22.03, 'Pending', '2022-07-26T22:43:46', 'Send', 0),
(964, 'TXN-QT5WJPVE', 77, 21, '2022-05-25T11:07:08', 2563.43, 'USD', 'Holy See (Vatican City State)', 25.7, 'Completed', '2020-04-13T15:23:44', 'ME', 0),
(965, 'TXN-LK46OPY9', 91, 20, '2021-08-07T22:03:37', 2462.31, 'GBP', 'Panama', 26.88, 'Cancelled', '2021-07-14T21:39:03', 'Receive', 0),
(966, 'TXN-JQ3ICBRZ', 33, 1, '2021-02-16T18:07:51', 7971.09, 'EUR', 'New Zealand', 23.25, 'Completed', '2024-12-27T10:33:57', 'Send', 1),
(967, 'TXN-JE6TV92M', 30, 22, '2023-08-24T00:40:53', 4112.22, 'GBP', 'Honduras', 29.31, 'Pending', '2023-06-06T04:53:12', 'ME', 1),
(968, 'TXN-OJYYQTBH', 42, 13, '2020-05-18T18:08:59', 7338.39, 'GBP', 'San Marino', 28.71, 'Pending', '2020-07-27T01:57:31', 'Send', 0),
(969, 'TXN-VZ2FJVT7', 41, 15, '2023-04-02T22:04:09', 2652.49, 'USD', 'Romania', 12.9, 'Failed', '2022-01-29T14:00:06', 'Receive', 0),
(970, 'TXN-ISZFDO0I', 2, 20, '2021-10-21T07:34:37', 7241.07, 'CAD', 'United States Minor Outlying Islands', 13.5, 'Cancelled', '2021-03-06T06:38:22', 'Send', 1),
(971, 'TXN-22D49A7U', 55, 25, '2023-05-23T01:22:58', 6701.69, 'USD', 'Turkmenistan', 44.14, 'Cancelled', '2021-05-10T16:21:06', 'ME', 0),
(972, 'TXN-C9LKQNJ4', 41, 12, '2022-01-27T22:54:05', 4495.54, 'INR', 'Uganda', 4.97, 'Failed', '2023-06-06T23:24:49', 'ME', 1),
(973, 'TXN-UIODMDRE', 23, 4, '2024-12-15T20:07:36', 1145.44, 'USD', 'Chad', 6.15, 'Completed', '2024-12-12T12:24:22', 'Receive', 0),
(974, 'TXN-3FHN4G5N', 57, 1, '2020-04-19T13:41:47', 2890.7, 'INR', 'Kazakhstan', 46.36, 'Cancelled', '2022-10-04T20:24:19', 'ME', 0),
(975, 'TXN-5IMCCBIG', 6, 18, '2024-02-18T02:55:49', 847.45, 'CAD', 'Bahamas', 30.81, 'Cancelled', '2024-11-16T02:47:54', 'Send', 1),
(976, 'TXN-4S25IRVI', 34, 13, '2021-11-02T08:52:09', 8256.66, 'AUD', 'Egypt', 11.05, 'Cancelled', '2023-07-15T04:28:22', 'ME', 0),
(977, 'TXN-YWBGKC2C', 21, 2, '2023-05-10T18:02:49', 9077.75, 'USD', 'Christmas Island', 4.28, 'Completed', '2023-11-06T07:35:40', 'Send', 1),
(978, 'TXN-1ZJT84G7', 62, 11, '2024-05-07T05:00:53', 3975.57, 'EUR', 'Dominican Republic', 48.85, 'Cancelled', '2020-11-16T10:10:18', 'ME', 1),
(979, 'TXN-TRBZLSO1', 45, 7, '2023-02-15T11:29:38', 3314.44, 'INR', 'Eritrea', 24.4, 'Completed', '2021-04-06T12:48:10', 'ME', 0),
(980, 'TXN-34X7IRYF', 18, 4, '2021-07-02T12:00:15', 4905.73, 'GBP', 'Zimbabwe', 31.18, 'Completed', '2024-04-25T03:14:34', 'Receive', 1),
(981, 'TXN-EXJ574B3', 50, 6, '2020-09-28T02:36:10', 8507.0, 'EUR', 'Wallis and Futuna', 24.81, 'Pending', '2022-07-31T02:05:55', 'Send', 1),
(982, 'TXN-YNK17IFH', 86, 12, '2022-07-05T05:36:57', 6113.79, 'EUR', 'Costa Rica', 36.21, 'Pending', '2023-07-31T04:38:47', 'ME', 1),
(983, 'TXN-YM7HP44D', 30, 17, '2023-11-17T05:48:49', 4241.65, 'EUR', 'Sao Tome and Principe', 25.88, 'Cancelled', '2023-05-20T07:38:26', 'ME', 1),
(984, 'TXN-67JQN19R', 53, 18, '2022-02-14T14:34:13', 6390.96, 'GBP', 'Greenland', 28.2, 'Pending', '2021-09-23T20:54:56', 'Receive', 0),
(985, 'TXN-FF1OZE2P', 4, 3, '2021-01-29T14:30:42', 5644.9, 'AUD', 'Bhutan', 28.3, 'Pending', '2021-05-03T13:33:06', 'Send', 1),
(986, 'TXN-SRS6QRJ0', 45, 9, '2020-04-24T06:18:11', 5003.68, 'USD', 'Saint Helena', 49.65, 'Completed', '2023-01-14T23:34:32', 'Receive', 1),
(987, 'TXN-CH0T78WX', 56, 11, '2023-09-16T16:47:56', 3198.31, 'INR', 'Sao Tome and Principe', 22.0, 'Completed', '2023-08-27T06:37:08', 'Send', 1),
(988, 'TXN-JA6235J4', 77, 14, '2021-09-15T18:30:16', 7859.37, 'EUR', 'Iraq', 33.09, 'Failed', '2023-07-11T19:39:21', 'Send', 1),
(989, 'TXN-3I1PS8ZO', 49, 6, '2021-01-27T17:15:38', 4110.67, 'GBP', 'Philippines', 40.91, 'Completed', '2020-08-07T14:54:00', 'Receive', 0),
(990, 'TXN-1PVOBFPC', 52, 10, '2024-04-27T16:48:12', 2432.64, 'USD', 'Suriname', 48.37, 'Completed', '2022-04-19T17:54:14', 'Receive', 0),
(991, 'TXN-3C9AP812', 19, 15, '2024-02-06T06:14:18', 5952.37, 'USD', 'Spain', 45.68, 'Cancelled', '2021-03-06T04:09:35', 'Receive', 1),
(992, 'TXN-ENR9XH9Z', 92, 9, '2022-04-20T22:00:36', 464.42, 'EUR', 'Norfolk Island', 38.14, 'Failed', '2020-07-04T22:52:30', 'Receive', 1),
(993, 'TXN-12HXTFWR', 57, 25, '2023-11-01T10:10:18', 7291.39, 'EUR', 'Tanzania', 7.22, 'Completed', '2024-02-18T06:58:48', 'Send', 0),
(994, 'TXN-SGC4J2K3', 68, 9, '2024-02-25T23:21:18', 5347.95, 'GBP', 'Cambodia', 48.86, 'Pending', '2024-10-17T04:18:54', 'ME', 0),
(995, 'TXN-B7843G96', 18, 20, '2023-11-04T20:57:59', 2010.24, 'CAD', 'Azerbaijan', 37.45, 'Failed', '2023-04-06T22:41:29', 'ME', 0),
(996, 'TXN-JBVHQZIF', 41, 4, '2021-01-17T15:00:43', 7396.16, 'INR', 'Ireland', 36.08, 'Pending', '2023-03-24T18:31:20', 'ME', 1),
(997, 'TXN-WH3QKO1X', 78, 9, '2024-10-13T14:18:02', 7398.58, 'GBP', 'Russian Federation', 18.38, 'Cancelled', '2020-02-20T07:56:21', 'Receive', 0),
(998, 'TXN-JCYX172J', 45, 3, '2024-06-23T10:49:32', 7366.93, 'INR', 'Malaysia', 39.21, 'Cancelled', '2021-09-27T21:02:43', 'ME', 0),
(999, 'TXN-OK0ROXAC', 91, 20, '2022-09-04T14:38:31', 5484.91, 'EUR', 'Austria', 47.36, 'Failed', '2022-06-17T14:49:19', 'Receive', 1),
(1000, 'TXN-S49P0O6Z', 49, 1, '2023-09-01T03:50:53', 4603.96, 'USD', 'Bhutan', 22.98, 'Failed', '2024-10-16T06:48:12', 'Send', 0);
